Fayda,Taşlar
"Zihinsel netlik, odaklanma ve konsantrasyonu artırır","Rutil Kuvars, Safir, Shattuckite, Selenit, Sardonyx, Selestit, Mavi Safir, Kristal/Değerli Taş (Genel), Serpantin, Akik, Beril, Dumortierit, Florit, Hematit, Lazulit, Pirit, Oltu Taşı, Sardoniks, Serafinit, Septeryan, Zebercet (Peridot), Sodalit, Kristal Kuvars, Azurit, Jasper, Ametist, Florit (Fluorite), Lapis Lazuli, Sitrin (Citrine), Agate (Akik), Angel Dust Quartz (Melek Tozu Kuvars), Arizona Agate, Clear Quartz (Kristal Kuvars), Sitrin, Üleksit, Verdelit, Zultanit, Melek Tozu Kuvars, Apofilit, Siyah Akik, Kalsit (Mavi/Bal), Gözlemci Taşı (Hanksite), Süper Yedi, Tiffany Taşı, Ametrin, Siderit, Vulfenit (Wulfenite), Adamite, Afganit, Aktinolit, Almandin, Alexandrite, Altın Şifacı Kuvars, Andalusite, Anyolit, Oniks, Turmalin Kuvars, Vanadinit, Varisit, Yosunlu Akik, Zirkon, Zümrüt, Almandin Granat, Turmalin, Topaz, Tanzanit, Yakut, Mistik Topaz, Andaluzit, Atakamit, İndikolit, Rubizoit, Spinel, Thulite, Mavi Kalsit, Herderit, Altın Kuvars, Ajoit, Aksinit, Sugulit, Almandin Garnet, Golden Healer, Adamit, Aktinolit (Kuvars içinde), Atakamit (Atakamite), Abalone, Kehribar (Amber), Ejinir (Aegirine), Kayısı Akik, Kan Taşı (Bloodstone), Mavi Beril, Mavi Jasper, Labradorit, Selestit (Celestite), Kyanit, Aragonit, Gökkuşağı Florit, Kaplan Gözü, Ateş Kuvarsı"
"Stres, kaygı ve anksiyeteyi azaltarak içsel huzur sağlar","Rutil Kuvars, Safir, Selenit, Selestit, Shattuckite, Mavi Safir, Sardoniks, Smithsonite, Ametist, Mavi Dantelli Akik, Lepidolit, Akuamarin, Oltu Taşı (Jet), Smitsonit, Petalit, Danburite, Kalsedon, Amazonit (Amazonite), Amulet Stone, Pembe Kuvars (Gül Kuvars), Kristal Kuvars, Peridot, Dumanlı Kuvars, Akuamarin (Aquamarine), Ay Taşı (Moonstone), Turkuaz (Turquoise), Kaplan Gözü (Tiger’s Eye), Larimar, Sitrin (Citrine), Agate (Akik), Arizona Agate, Botswana Agate, Amethyst (Ametist), Amazonite (Amazonit), Angelite (Anjelit), Jasper, Oniks, Tugtupit, Verdelit, Florit, Akik, Amazonit, Muska Taşı (Amulet Stone), Apofilit, Auralite-23, Mavi Oniks, Mor Turmalin (Rubellit), Süper Yedi (Super Seven), Hiddenite, Stromatolit, Zultanit, Pembe Kuvars, Skapolit, Viviyanit, Varisit, Kunzit, Tantalite, Stilbit, Glendonit, Bronzit, Mangano Kalsit, Pembe Kalsit, Mavi Kalsit, Benitoyit (Benitoite), Ametrin, Kalsit, Pembe Opal, Pirit, Aktinolit, Amblygonit, Angel Aura Kuvars, Atlantasit, Dumortierit, Eilat Taşı, Epidot, Hematoid Kalsit, Icicle Kalsit, Kasiterit, Labradorit, Nuummit, Prazolit, Siyah Kuvars, Kırmızı Kalsit, Paraiba Kuvarsı, Pembe Spinel, Pembe Turmalin, Leylak Lepidolit, Mıknatıs Taşı (Manyetit), Polusit, Que Sera (Llanit), Selestobarit, Lityum Kuvars, Havlit, Sitrin, Okenit, Seruzit, Piromorfit, Melanit"
Duygusal dengeyi korur ve içsel huzur sağlar,"Rutil Kuvars, Selestit, Smithsonit, Septeryan, Seraphinite, Safir, Amazonit, Havlit, Kan Taşı, Peridot, Akik, Auralite-23, Aragonit, Petalit, Prehnit, Karnelyan, Rodonit, Abalon Kabuğu, Lepidolit, Lityum Kuvars, Melanit, Deniz Jasperı (Okyanus Jasperı), Jasper, Purpurit, Markazit, Natrolit, Llanit, Selestobarit, Larimar"
Bağışıklık sistemini güçlendirir ve vücut direncini artırır,"Safir, Septeryan, Smithsonit, Rutil Kuvars, Hücre Desenli Akik, Serafinit, Serpantin, Florit, Ametist, Berrak Kuvars, Mookaite Jasper, Pirit, Akik, Lepidolit, Smitsonit, Petalit, Sardonyx, Pietersite, Rodonit, Siyah Turmalin, Prehnite, Kehribar (Amber), Ametrin (Ametrine), Angel Dust Quartz, Yakut, Creedite, Kornerupine, Grossular Garnet, Angel Dust Kuvars, Şevron Ametist, Mavi Kuvars, Ouro Verde Kuvars, Yeşil Apatit, Epidot, Goşenit, Kloritli Kuvars, Hanksit, Kornerupin, Krokoit, Halit Minerali, Sonsuzluk Taşı"
İletişim becerilerini geliştirir ve kendini ifade etme yeteneğini güçlendirir,"Selestit, Safir, Shattuckite, Septeryan, Smithsonit, Rutil Kuvars, Mavi Safir, Krizokol, Amazonit, Mavi Dantelli Akik, Havlit, Larimar, Turkuaz, Lapis Lazuli, Akuamarin, Afganit, Apatit, Mavi Aventurin, Azurit, Euclaz, Kovellit, Mavi Opal, Girasol Kuvars, Porselen Jasper, Zümrüt, Natrolit, Papagoit, Purpurit, Heterosit, Titanit (Sfen), Çılgın Dantel Akik, Akroit (Achroite), Ametist (Amethyst)"
Negatif enerjilere karşı koruma sağlar ve aura alanını temizler,"Sardonyx, Selenit, Septeryan, Rutil Kuvars, Selestit, Shattuckite, Siyah Turmalin, Serafinit, Obsidyen, Jet (Oltu), Florit, Pirit, Sardoniks, Çilek Kuvars, Siyah Obsidyen, Dumanlı Kuvars, Labradorit, Sardoniks Akik, Kan Taşı (Heliotrope), Ametist, Lapis Lazuli (Safir), Heliotrope (Kan Taşı), Demonstone (Daimonites), Akik (Agate), Yeşim Taşı (Jade), Andalusite (Endülüsit), Zultanit, Akik, Kaplan Gözü, Oniks, Turkuaz, Yeşim, Jasper, Su Elementi Taşları (Akuamarin, Aytaşı vb.), Ametrine (Ametrin), Kayısı Akik, Amazonit, Andaluzit, Atlantisite, Siyah Oniks, Turmalinli Kuvars, Siyah Akik, Kyanit (Siyah), Şungit, Stavrolit, Cinnabar, Yeşim Taşı"
Sezgileri güçlendirir ve psişik yetenekleri geliştirir,"Shattuckite, Selestit, Rutil Kuvars, Selenit, Serpantin, Kyanit, İyolit, Petersit, Sardoniks, Prehnit, Labradorit, Ay Taşı, Petalit, Pietersite, Abalone Shell, Ametrin (Ametrine), Anjelit (Angelite), Apofilit (Apophyllite), Apatit, African Turquoise, Kaplan Gözü, Lapis Lazuli, Tiffany Stone, Üleksit, Vivianit, Anjelit, Ametist, Florit, Abalone Kabuğu, Afrika Turkuazı, Mavi Oniks, Süper Yedi, Skolesit, Apofilit, Tiffany Taşı, Vivianite, Afganit, Ajoite, Alexandrite, Andalusite, Atakamit, Astrophyllite, Golden Healer, Vanadinit, Zümrüt, Tanzanit, Sodalit, Turmalin, Yakut, Zirkon, Aktinolit, Astrofilit, Unakite, Aleksandrit, Aksinit, Ajoit, Ferro Aktinolit, Markasit (Brandberg) Ametisti, Altın Beril, Iolit, Moldavit, Gökkuşağı Ay Taşı, Safir, Çilek Kuvars"
Vücudu toksinlerden arındırır ve detoks sürecini destekler,"Selestit, Seraphinite, Rutil Kuvars, Serpantin, Zeolit, Malakit, Sitrin, Peridot (Zeberced), Petalit, Sardonyx, Prehnite, Pietersite, Rodonit, Ametrin (Ametrine)"
"Kemik, eklem ve diş sağlığını destekleyerek ağrıları hafifletir","Septeryan, Selenit, Selestit, Turkuaz, Rutil Kuvars, Rodonit, İnci, Prehnit, Amazonit (Amazonite), Apatit (Apatite), Sardonyx, Diopsit, Siyah Turmalin, Aragonit, Oltu Taşı, Yeşim, Apatit, Florit (Fluorite), Oniks (Onyx), Amazonite (Amazonit), Fossilized Snails, Apatite (Apatit), Aragonite (Aragonit), Calcite (Kalsit), Florit, Dolomit, Oniks, Tantalite, Yeşil Kalsit, Glendonit, Kreedite, Aleksandrit, Amazonit, Kalsit, Zebra Jasper, Mercan, Mamut Fildişi, Skapolit, Stromatolit, Viviyanit, Tiffany Taşı, Tantalit, Siderit, Spodumene (Triphane), Abalon (Abalone)"
Uyku kalitesini artırır ve uykusuzluk sorunlarını giderir,"Rutil Kuvars, Selenit, Safir, Selestit, Ametist, Lapis Lazuli, Lepidolit, Mavi Kiyanit, Danburite, Oltu Taşı, Sardonyx, Dumanlı Kuvars, Çeroit (Charoite), Phosphosiderite (Fosfosiderit), Glendonit, Angelit, Apofilit, Scolecite, Pembe Kalsit, Mavi Safir, Kalsedon, Çakmak Taşı, Turkuvaz, Mavi Kalsedon, Sitrin, Yeşim (Jade), Limon Krisopraz, Dalmasyon Jasper, Beyaz Aytaşı, Prehnit, Turmalin, Nuummit, İnci, Serüzit, Ametist (Amethyst), Angelit (Angelite)"
Cilt sağlığını destekler ve deri rahatsızlıklarını iyileştirmeye yardımcı olur,"Selenit, Rutil Kuvars, Smithsonit, Rodokrozit, Selestit, Rodonit, Afganit, Ajoite, Aktinolit, Apofilit, Ateş Akik, Lapis Lazuli, Vesuvianite (Vezüvyan), Yosunlu Akik, Zirkon, Zoisit, Zümrüt, Şungit, Vesuvianite, Sodalit, Anyolit, Turmalin, Lacivert Taşı, Yeşim, Bakır, Kil, Tanzanit, Yakut, Dalmatian Jasper, Dravit, Erythrite, Fosfosiderit"
Ruhsal farkındalığı artırır ve spiritüel gelişimi destekler,"Safir, Selestit, Seraphinite, Selenit, Rutil Kuvars, Moldavit, Çeroit, Petalit, Shattuckite, Cavansite (Kavansit), Phenacite, Copal (Kopal), Cassiterite (Kassiterit), Kovelit, Libya Çöl Camı, Azeztulit, Metamorfoz Kuvars, Hanksit, Afrika Turkuazı, İlvaite, Tsavorit Garnet, Kavansit, Sonsuz Taş, Süper Yedi Taş, Lemuryan Kuvars, Kakoksenit, Benekli Kalsedon, Angel Aura Kuvars, Sanda Rosa Azeztulite, Kriyolit, Goshenit"
"İlişkilerde sevgi, uyum ve duygusal bağı güçlendirir","Safir, Sardonyx, Selestit, Ajoite, Rose Quartz, Zümrüt, Yeşim, Aventurin, Alexandrite, Almandin, Andalusite, Astrofilit, Atakamit"
Solunum yolu ve akciğer sağlığını destekler,"Rutil Kuvars, Selestit, Selenit, Seraphinite, Akikleşmiş Mercan, His Taşı, Mercan, Apofilit, Ammonite, Kehribar (Amber), Diopsit, Prehnite, Rodonit, Sardonyx, Copal (Kopal), Libya Çöl Camı, Kornerupine, Limonite, Agatize Mercan, Grösüler Garnet, Hessonite, Limonit, Tuz Lambası, Kaya Tuzu, Halit Minerali, Hanksit, Sonsuzluk Taşı, Giotit, Almandin, Ametist, Garnet (Lal), Kedigözü, Kehribar, Lacivert, Vanadinit, Yeşim, Zoisit, Afganit, Ajoite, Atakamit, Mavi Dantelli Akik, Zümrüt, Topaz, Granat (Lal), Sugulit, Sodalit, Mistik Topaz, Adamite, Pietersit, Prehnit, Adamit, Aksinit, Aktinolit, Almandin Garnet, Alexandrite, Atakamit (Atakamite)"
Vücut ısısını dengelemeye ve ateşi düşürmeye yardımcı olur,"Lapis Lazuli (Safir), Akik (Ratjari Mohara), Brezilyanit (Brazilianite)"
Baş ağrısı ve migren semptomlarını hafifletir,"Ametist, Safir, Anjelit (Angelite), Aragonit (Aragonite), Kehribar (Amber), Pietersite, Rutil Kuvars, İyolit (Kordierit), Oltu Taşı, Kaplan Gözü, Selenit, Prasiolite (Yeşil Kuvars)"
Göz sağlığını destekler ve görme yetisini güçlendirir,"Lapis Lazuli (Safir), Hematit, Göz Akik, Lapis Lazuli, Peridot, Akik, Safir, Pietersite, Dendritik Opal, Abalon Kabuğu, Apofilit, Akvamarin, Mavi Spinel, Krizotil, Zümrüt, Kaplan Gözü, Ateş Akati, Barit, Cavansite, Gaia Taşı, Girasol, Grönlandit, Nuummit, Okyanus Jasperı, Paraiba Turmalin, Pembe Opal, Vivianit, Renksiz Beril (Goşenit), Rodizit, Purpurit, Ametist, Aventurin, Mavi Dantel Akik, Yeşil Beril, Azurit-Malakit, Krizopraz, Jasper, Moss Agate, Tsavorite Garnet, Mavi Kuvars, Serafinit, Zirkon, Realgar"
"Yaratıcılığı, ilhamı ve sanatsal ifadeyi geliştirir","Rutil Kuvars, Septeryan, Smithsonit, Kavansit, Agni Manitite, Botswana Akik, Ametrine (Ametrin), Jasper, Sitrin, Vülfenit (Wulfenite), Zincite (Zinsit), Kehribar, Kan Taşı, Picasso Jasper, Turuncu Kiyanit, Ametrin, Apatit, Şelit, Vulfenit, Süper Seven"
Hücre yenilenmesini teşvik eder ve fiziksel iyileşme sürecini hızlandırır,"Rutil Kuvars, Serpantin, Peridot (Zeberced), Siyah Turmalin, Aventurin, Çeroit (Charoite), Azurit, Rodonit, Glendonit, Erythrite (Eritrit), Eudialyte (Ödiyalit), Lepidolit, Florit, Dumanlı Kuvars, Kuvars içinde Brukit (Brookite in Quartz), Faden Kuvars (Glendonite)"
Hormonal dengeyi sağlar ve üreme sistemi sağlığını destekler,"Rutil Kuvars, Smithsonite, Kan Taşı (Heliotrope), Ay Taşı, Karnelyan, Krizokol, Akik, Heliotrope, Pietersite, Selenit, Ajoit, Krizopras, Realgar, Tektit, Unakit, Zoisit, Amonit, Malakit, Yeşil Aytaşı, Pembe Kuvars, Sarı Safir (Pukhraj), Pembe Kalsedon, Seruzit, Shiva Lingam, Moqui Marbles (Şaman Taşları), Beyaz Akik, Su Akiği (Enhydro), Amazonit, Biyotit Mercekleri, Siyah Akik, Kopal Kehribar, Cowrie Kabuğu, Ejderha Kanı Jasper, Shiva Lingham Taşı, Larimar"
"Duygusal yaraları şifalandırır, öz-sevgi ve affetmeyi destekler","Serpantin, Sardoniks, Serafinit, Aejirin, Pembe Kuvars (Gül Kuvars), Kunzit, Amazonit, Krizokol, Kalsit, Danburit, Epidot, Morganit, Petalite, Rodokrozit, Rodonit, Abalone Shell, Sardoniks Akik, Aytaşı, Faden Kuvars, Eudialyte (Ödiyalit), Datolit (Datolite)"
Geçmiş yaşam şifası ve karmik temizlik süreçlerini destekler,"Selenit, Shattuckite, Libya Çöl Camı, Nuummite"
Kanamaların durdurulmasına ve kan pıhtılaşmasına yardımcı olur,"Kan Taşı (Heliotrope/Hematit), Heliotrope (Kan Taşı)"
Bağımlılıklardan kurtulma sürecini destekler ve iradeyi güçlendirir,"Ametist, İyolit, Prehnite, Petalite, Smitsonit, Amethyst (Ametist), Carnelian (Karnelyan), Kehribar (Amber), Iolit, Lepidolit, Barit, Ateş Akik, Tantalit, Kayısı Akik, Kehribar, Hiddenite, Spodumene (Triphane), Stavrolit, Tantalite"
Hamilelik sürecinde içsel istikrar ve koruma sağlar,"Sardonyx (Tek renkli türü), Akik, Sardoniks (Monokrom tip)"
Melankoliyi giderir ve yaşama sevincini artırır,Sardonyx (Çok renkli türü)
Sindirim sistemini düzenler ve mide rahatsızlıklarını hafifletir,"Lapis Lazuli (Safir), Yeşil Yeşim (Jasper), Peridot (Zeberced), Serpantin, Rodokrozit, Smitsonit, Selestit, Sitrin, Aquamarine, Rutil Kuvars, Amber, Akik (Agate), Krizokol, Selenit, Adamite, Akik, Alexandrite, Altın Şifacı Kuvars, Ametrin, Andalusit, Ateş Akik, Elmas, Kehribar, Lacivert, Turritella Akik, Varisit, Yakut, Yeşim, Zirkon, Zümrüt, Ametist, Malakit, Sodalit, Astrophyllite, Sugulit, Yosunlu Akik, İnci, Lacivert Taşı, Kükürt, Aytaşı, Peridot, Kloritli Akik, Montana Akik, Limon Krizopras, Safir, Güneş Taşı, Fırın Toprağı, Ateş Akik (Fire Agate), Apatit, Kalsit, Turuncu Kalsit, Okenit, Siyah Jasper, Okyanus Jasper, Aleksandrit, Astrofilit, Andalusite, Almandin Garnet, Atakamit (Atakamite)"
Zehirli hayvan sokmalarına ve ısırıklarına karşı koruma sağlar,"Lapis Lazuli (Safir), Hematit"
"Özgüveni, cesareti ve kişisel gücü artırır","Kan Taşı (Heliotrope), Kloritli Aktinolit, Bronzit, Sitrin, Kırmızı Akik (Carnelian), Pırlanta, Kaplan Gözü, Oltu Taşı, Sardoniks, Lepidolit, Petersit, Kırmızı Jasper, Mookaite Jasper, Pietersite, Tiger Iron, Bumblebee Jasper, Agni Manitite, Pembe Turmalin, Selenit, Akik (Agate), Amazonit (Amazonite), Kaplan Gözü (Tiger’s Eye), Sitrin (Citrine), Amber (Kehribar), Golden Labradorite, Aleksandrit, Tremolite, Jasper, Zultanit, Akik, Amazonit, Kan Taşı, Lal, Akuamarin, Karnelyan, Skapolit, Viviyanit, Stavrolit, Cinnabar, Zinkit, Hemimorfit, Angel Aura Kuvars"
Boşaltım sistemi ve mesane sağlığını destekler,"Hematit, Kavansit"
"Yolculuklarda, özellikle deniz yolculuklarında koruma sağlar","Lal (Carbuncle), Kalsedon, Safir (Hyacinth), Safir (Hiyosint), Yakut (Karbunkle)"
"Bolluk, bereket, şans ve başarı enerjisini hayatınıza çeker","Hematit, Sitrin, Aventurin, Yeşim, Kaplan Gözü, Prehnit, Green Spot Jasper, Peridot, Sardonyx, Dendritik Opal, Adamit, Akik, Ametist, Krizopras, Elmas, Safir, Aqua Aura, Purpurit, Nuummit, Pirit, Yeşil Aventurin, Pollusit, Novakulit, Prasiolite"
"İyimserlik, neşe ve yaşam enerjisi aşılayarak umutsuzluğu giderir","Abalone (Paua kabuğu, Sedef)"
"İç denge, kararlılık ve dürüstlük sağlar",Aktinolit
Kişisel zayıflıkların aşılmasını ve doğru kararlar alınmasını sağlar,Aktinolitli Kuvars
Zor durumlarda soğukkanlılık sağlar ve sindirimi destekler,Aejirin-Ojit
Duygusal sınırların korunmasını ve dürüstlüğü destekler,Dendritik Akik
Girişimciliği destekler ve pozitif bakış açısı sağlar,Ateş Akik
"İç organ (kalp, böbrek, karaciğer) sağlığını destekler","Safir, Kavansit, Bantlı Karnelyan, Çaroit (Charoite), Pietersite, Rodonit, Peridot, Prehnit, Yeşim (Jade)"
Zihinsel netliği artırır ve dolaşım sistemini destekler,Elmas
"Fiziksel gücü, dayanıklılığı ve yaşam enerjisini artırır","Mavi Apatit, Yeşil Apatit, Siyah Oniks, Jasper, Tiger Iron, Kırmızı Jasper, Safir, Petalit"
Elektromanyetik radyasyona (EMF) karşı koruma sağlar,"Siyah Turmalin, Şungit, Obsidyen, Florit, Dumanlı Kuvars, Pirit, Lepidolit, Big Bang Jasper, Amazonit (Amazonite), Ametist, Amazonit, Tantalite, Tantalit, Aventurin, Jasper, Shungite, Galen, Kuvars, Que Sera Taşı, Llanit, Blizzard Taşı"
Kanser tedavi süreçlerinde hücresel ve ruhsal destek sağlar,"Rutil Kuvars, Seraphinite, Azurit, Meteor Taşı (Göktaşı), Melanit, Rodizit, Selenit"
Kalp sağlığını destekler ve kan dolaşımını düzenler,"Pembe Kuvars, Kan Taşı (Heliotrope), Aventurin, Karnelyan, Verdite, Bantlı Karnelyan, Garnet (Lal), Oltu Taşı, Rodokrozit, Serafinit, Safir, Mavi Safir, Mookaite Jasper, Prehnite, Rodonit, Siyah Turmalin, Dendritik Opal, Rutil Kuvars, Shattuckite, Almandin Garnet, Ametrin, Anyolit, Atakamit, Baltık Kehribar (Amber), Golden Healer, İnci, Kan Taşı, Kehribar, Lacivert, Malakit, Unakit, Yakut, Yeşim, Zirkon, Zümrüt, Ateş Akiği, Ateş Akik, Sodalit, Yosun Akiği, Almandin Granat, Alexandrite, Pembe Turmalin, Varisit, Yosunlu Akik, Zoisit, Topaz, Tanzanit, Hematit, Lacivert Taşı, Mercan, Resim Akik, Azurit, Elmas, Peridot, Florit, Şap, Krizokol, Boraks, Hafif Toz, Realgar, Kükürt, Sülüğen, İyolit, Opal, Aktinolit, Cobalto-calcite, Krizopras, Kunzit, Siyah Kyanite, Limonit, Spinel, Lal (Garnet), Andalusite, Granat (Lal Taşı), Aktinolit (Actinolite), Agnitit, Kalsit, Krizopraz (Chrysoprase), Kobalt-Kalsit, Kovelit (Covellite), Kambaba Jasper, Maun Obsidyen, Stibnit, Stilbit, Ajoite, Atakamit (Atakamite), Garnet (Lal Taşı), Adamite, Ametist, Amblygonit, Bixbite, Bustamit, Cacoxenite, Çilek Kuvarsı, Eilat Taşı, Erythrite, Eudialyte, Girasol, Grönlandit, Hemimorphit, Larimar, Lemurya Yeşimi, Merlinite, Morganit, Okyanus Jasperı, Prazolit, Yeşil Kuvars, Pembe Kalsit, Ammolit, Yeşil Aventurin, Pollusit, Purpurit"
Metabolizmayı düzenler ve kilo kontrolünü destekler,"Kaplan Gözü, Peridot, Karnelyan, Prehnit, Smithsonit, Apatit, Safir, Selenit, Anjelit (Angelite), Angelite (Anjelit), Apatite (Apatit), Ateş Akik, Zinober (Cinnabar), Kassiterit, Ametrin, Anjelit"
Güçlü topraklama sağlar ve fiziksel-ruhsal dengeyi korur,"Akik, Siyah Turmalin, Obsidyen, Hematit, Bronzit, Kırmızı Jasper, Tiger Iron, Aura Black Kyanite, Ağaç Akik, Almandin Garnet, Anyolit, Axinite, Chiastolite, Unakit, Vanadinit, Yakut, Yosun Akik, Astrophyllite, Aksinit, Almandin, Astrofilit, Aktinolit, Galen (Galena), Kuvars içinde Brukit (Brookite), Siyah Gümüş Titanyum"
Hafızayı güçlendirir ve zihinsel performansı artırır,"Kristal Kuvars, Peridot, Rodokrozit, Barit"
Tembelliği giderir ve hareketlilik kazandırır,Heliotrope (Kan Taşı)
Endüstriyel kullanım ve enerji teknolojileri için değerlidir,"Petalit, Lepidolit"
Kulak sağlığını ve denge sistemini destekler,"Safir, Sardonyx"
Kan şekerini dengeler ve metabolik sağlığı korur,Krizokol (Chrysocolla)
Vücudunu parazitlerden arındırmaya yardımcı olur,Serpantin
İletişim becerilerini ve kendini ifade etmeyi güçlendirir,"Amazonit (Amazonite), Anjelit (Angelite), Apatit, Akuamarin (Aquamarine), Lapis Lazuli, Larimar, Turkuaz (Turquoise), Aqua Aura Kuvars, Kaligrafi Taşı, Mavi Topaz, Mavi Skapolit, Viviyanit, Anjelit, Akuamarin, Amazonit"
"Boğaz, tiroid ve solunum yolu sağlığını destekler","Amazonit (Amazonite), Anjelit (Angelite), Apofilit (Apophyllite), Akuamarin (Aquamarine), Lapis Lazuli, Larimar, Turkuaz (Turquoise), Golden Quartz, Blue Topaz, Angelite (Anjelit), Mavi Dantelli Akik, Azurite (Azurit), Selestit, Amazonite (Amazonit), Turkuaz, Ammonite (Ammonit), Chrysocolla (Krizokol), Green Quartz, Apophyllite (Apofilit), Blue Aragonite, Ametist, Uvarovit, Verdite, Tremolite, Anjelit, Apofilit, Akuamarin, Azurit, Tremolit, Amazonit, Cacoxenite, Mavi Dantelli Akik (Blue Laced Agate), His Taşı"
Yin-Yang (eril ve dişil) enerjilerini dengeler ve uyumlar,"Akik (Agate), Amazonit (Amazonite), Ametrin (Ametrine), Amazonite (Amazonit), Aventurine (Aventurin), Black Zebra Agate, Turquoise (Turkuaz), Ametrine (Ametrin), Rodonit, Kayısı Akik, Akik, Aktinolit, Krizopras, Kaplan Gözü, Jasper, Amazonit, Zebra Jasper"
Enerjiyi topraklayarak zihinsel istikrar ve sakinlik sağlar,"Akik (Agate), Jasper, Kaplan Gözü (Tiger’s Eye), Obsidyen (Obsidian), Kaligrafi Taşı, Dumanlı Kuvars, Götit, Turmalinli Kuvars, Menalit, Hematit, Galen, Siyah Jasper, Kırmızı Jasper, Oniks, Scheelite, Tantalite, Stavrolit"
"Kan dolaşımını düzenler, kan sağlığını ve basıncını dengeler","Akik (Agate), Ametrin (Ametrine), Kaplan Gözü (Tiger’s Eye), Lal Taşı (Garnet), Verdite (Verdit), Agate (Akik), Kan Taşı (Helyotrop), Albit, Krizokol, Jasper, Kaplan Gözü, Lal (Garnet), Tugtupit, Vivianit, Tremolite, Wavellite, Kan Taşı, Larimar, Verdit (Afrika Yeşimi), Karnelyan, Kalsedon, Güneştaşı, Kırmızı Jasper, Ateş Opal, Sitrin, Kehribar, Zirkon, Kırmızı Turmalin, Garnet (Lal), Yakut, Elmas, Stavrolit, Vivianite, Tugtupite, Cinnabar, Kunzit, Tantalite, Scheelite, Akik, Scolecite, Viviyanit, Tantalit, Siderit"
"Bolluk, bereket, şans ve başarıyı çeker","Akik (Yemen Akiği), Kaplan Gözü (Tiger’s Eye), Sitrin (Citrine), Uvarovit, Yeşim Taşı (Jade), Ametrine (Ametrin), Aleksandrit, Akik (Yemen), Kaplan Gözü, Sitrin, Wavellite, Yeşim"
"Sindirim sistemi ve mide rahatsızlıklarını yatıştırır, metabolizmayı düzenler","Akik (Agate), Ametrin (Ametrine), Kaplan Gözü (Tiger’s Eye), Amazonit (Amazonite), Apatit, Ay Taşı (Moonstone), Obsidyen (Obsidian), Sitrin (Citrine), Agate (Akik), Grey Lace Agate, Citrine (Sitrin), Sunstone, Ateş Akik, Montana Akik, Ametist, Ay Taşı, Kaplan Gözü, Tremolite, Üleksit, Amazonit, Ametrine (Ametrin), Jasper, Sitrin, Turkuaz, Verdelit, Yeşim, Akik, Ateş Agat, Kayısı Akik, Bumblebee Jasper, Krizokol, Turuncu Kalsit, Sarı Akik, Krizopras (Limon), Şeelit, Tantalite, Stibnite, Tremolit, Cacoxenite"
Baş ağrısı ve migreni hafifletir,"Ametist, Ametrin (Ametrine), Anjelit (Angelite), Florit (Fluorite), Lapis Lazuli, Amber (Kehribar), Angelite, Blue Goldstone, Charoite, Amethyst (Ametist), Biksbiyit, Ametrine (Ametrin), Florit, Bixbyite, Auralite-23, Herderite, Pembe Kuvars, Skapolit, Verdite, Afganit, Ajoite, Akik, Elmas, İnci, Mercan, Oltu Taşı, Zirkon, Sugulit, Atakamit, Granat (Lal), Biksbiit, Herderit, Turkuaz, Biksbiyit (Bixbyite), Mondolite Kuvars, Gül Kuvars, Garnet (Lal Taşı), Akroit (Renksiz Turmalin), İzlanda Spatı, Amblygonit, Cavansite, Grönlandit, İsis Kanı, Lazulite, Mum Kuvarsı, Quantum Quattro, Sugilit, Bustamit, Açık Mor Ametist (Cape Ametisti), Purpurit, Pembe Natrolite, Prazolit (Yeşil Kuvars), Hematit, Auralite 23, Mondolit Kuvars"
"Uyku kalitesini artırır, uykusuzluğu giderir ve rüyaları düzenler","Akik (Agate), Amazonit (Amazonite), Ametist, Ametrin (Ametrine), Larimar, Yeşim Taşı (Jade), Amethyst (Ametist), Grey Wave Jasper, Grape Agate, Caribbean Calcite (Karayip Kalsiti), Auralite-23, Havlit, Ay Taşı, Yeşim, Amazonit, Muska Taşı, Gri Dalga Jasper, Scolecite (Skolesit), Mavi Dantel Akik, Aytaşı, Stilbit, Pembe Dolomit, Pembe Kuvars, Zultanit, Stavrolit, Yeşim Taşı, Zebra Jasper"
Bağışıklık sistemini güçlendirir ve destekler,"Ametist, Florit (Fluorite), Lapis Lazuli, Turkuaz (Turquoise), Amber (Kehribar), Angelite, Blue Goldstone, Charoite, Chevron Ametist, Ametrine (Ametrin), Andradit Garnet, Kalsedon, Siderit, Turkuaz, Verdelit, Jasper, Verdite, Zincite (Zinsit), Kehribar, Ametrin, Melek Tozu Kuvars, Siyah Opal, Cinnabar (Zinober), Kunzit, Zincite, Florit, Tiffany Stone, Viviyanit, Kalsit (Yeşil), Akuamarin, Kalsit (Cobalt), Zoisit, Kalsiyum Florit"
Vücuttaki toksinlerin atılmasına ve detoksa yardımcı olur,"Ametrin (Ametrine), Obsidyen (Obsidian), Turkuaz (Turquoise), Uvarovit, Yeşim Taşı (Jade)"
Duygusal travmaları şifalandırır ve duygusal denge sağlar,"Kaplan Gözü (Tiger’s Eye), Lapis Lazuli, Obsidyen (Obsidian), Oniks (Onyx), Amazonite (Amazonit), Abalone Shell, Tiffany Stone, Zincite (Zinsit), Akik, Tugtupit, Jasper, Amazonit, Kayısı Akik, Kiraz Kuvars, Lepidokrosit, Kuantum Quattro, Ateş Agat, Rodonit, Lepidolit, Pembe Opal, Yeşil Akik, Hiddenite, Kunzit, Süper Seven, Stibnite, Vavelit (Wavellite), Verdite, Scheelite, Cinnabar, Pembe Kuvars, Yeşil Yeşim, Yeşil Jasper"
"Göz sağlığını destekler, görme yetisini güçlendirir ve yorgunluğu giderir","Akik (Agate), Akuamarin (Aquamarine), Apofilit (Apophyllite), Auralite 23, Apophyllite (Apofilit), Ulexite (Üleksit), Akik, Ametist, Kalsit, Kedigözü Kuvars, Yeşil Beril, Skapolit, Viviyanit, Stromatolit, Tiffany Taşı, Uleksit, Apofilit, Akuamarin"
"Kadın sağlığını, hormonal dengeyi ve hamilelik sürecini destekler","Akik (Agate), Larimar, Ay Taşı (Moonstone), Aquamarine (Akuamarin), Grey Lace Agate, Dolomit, Ay Taşı, Verdite, Akik, Pembe Kalsit (Mangano), Kassiterit, Anhidrit, Jasper, Tugtupit, Zincite (Zinsit), Tiffany Stone, Akuamarin, Krizopras, Cinnabar, Zincite, Scheelite, Vulfenit, Ametist, Mavi Kalsedon"
Cilt sağlığını destekler ve cilt rahatsızlıklarının iyileşmesine yardımcı olur,"Akik (Agate), Agate (Akik), Ateş Akik, Ulexite (Üleksit), Wavellite, Verdite (Verdit), Pembe Yeşim, Akik, Kükürt (Sülfür), Aventurin, Hiddenite, Uleksit, Stilbit, Azurit, İskenderit, Glendonit, Epidot, Sitrin, Healerite, Skapolit, Viviyanit, Apatit, Kunzit, Rutil"
Vücuttaki sıvı dengesini düzenler ve ödem atar,"Anjelit (Angelite), Angelite (Anjelit), Mavi Turmalin, Wavellite"
"Detoks etkisi sağlayarak toksinlerin atılmasına yardımcı olur, karaciğer ve böbrekleri destekler","Black Opal, Bumblebee Jasper, Aktinolit, Ametist, Ametrine (Ametrin), Tugtupit, Azurite (Azurit), Canadian Jade, Green Garnet, Galena, Mavi Turmalin, Amazonit, Jasper, Sitrin, Turkuaz, Yeşim, Chrysocolla (Krizokol), Dumortierite, Healerite, Sunstone, Yeşil Turmalin, Ametrin, Krizopras, Azurit, Malahit, Kehribar, Kan Taşı, Anjelit, Dumanlı Kuvars, Yeşim Taşı"
"Kas ve eklem ağrılarını, krampları ve spazmları hafifletir","Chrysocolla (Krizokol), Dumortierite, Healerite, Sunstone, Brecciated Jasper, Aragonite (Aragonit), Yeşim Kalsit, Mahun Obsidyen, Zirkon, Larimar, Auralite-23, Amber (Kehribar), Green Goldstone, Green Quartz, Mavi Dantelli Akik, Krizokol, Tremolite, Charoite, Mavi Dantel Akik, Siyah Turmalin, Lepidolit, Stavrolit, Stibnite, Obsidyen"
Vücuttaki oksijen seviyelerini yükseltir,"Verdite (Verdit), Ametrine (Ametrin), Azurite (Azurite)"
"Ruhsal büyümeyi, dönüşümü ve kolektif şifayı destekler","African Turquoise, Bismuth, Verdite, Tremolite, Atlantisite, Brecciated Jasper, Zincite (Zinsit), Lal (Garnet), Wulfenite"
Endüstriyel ve teknolojik alanlarda iletkenlik sağlar,"Zincite (Zinsit), Galena"
İçeriğindeki minerallerle enerji dengesi sağlar,Vülfenit (Wulfenite)
"Bolluk, bereket, şans and başarıyı çeker","Aqua Aura Kuvars, Süper Yedi, Scapolite, Scheelite, Cinnabar, Uvarovit, Sitrin, Stromatolit, Kaplan Gözü, Jasper, Siderit, Ametrin"
Diğer kristallerin enerjisini temizler ve şarj eder,"Kristal Kuvars, Fenasit, Manyezit, Moldavit"
"Sezgileri, psişik farkındalığı ve üçüncü göz aktivasyonunu güçlendirir","Cavansite (Kavansit), Kammererite (Kemererit), Phenacite, Opal, Turkuvaz, Safir, Kovelit, Fenakit, Natrolit, Altın Azeztulite Kristalleri, Sanda Rosa Azeztulite, Kavansit, Kovellit, Hanksit, Jeremejevite, Kornerupin, Götit, Goshenit, Hessonite, Kakoksenit"
Negatif enerjilere ve psişik saldırılara karşı koruma sağlayarak aurayı dengeler ve korur,"Cassiterite (Kassiterit), Copal (Kopal), Cavansite (Kavansit), Kammererite (Kemererit), Moldavite, Selenit, Benekli Kalsedon (Polka Dot), Metamorfoz Kuvars, Tibet Siyah Kuvars, Libya Çöl Camı, Sardoniks, Siyah Turmalin, Obsidiyen, Akik, Pirit, Kriyolit, Karnelyan"
"Stres, kaygı ve anksiyeteyi hafifleterek derin bir huzur ve sükunet sağlar","Cassiterite (Kassiterit), Cavansite (Kavansit), Rosophia, Blue Cassiterite, Ametist, Yeşim, Selestin, Kriyolit, Kuprit, Kornerupine, Libethenite, Safir, Selestit, Kalsedon, Çilek Kuvars, Libya Çöl Camı, Aku Aura Kuvars, Sanda Rosa Azeztulite, Kloritli Kuvars, Varisit, Cavansit, Cuprite, Goshenit, Kornerupin, Klinozoisit, Hiddenite, Götit, Hessonite, Kunzit, Lepidokrosit"
Hormonal sistemi ve endokrin bezlerini dengeleyerek iç salgı bezi sağlığını destekler,"Cassiterite (Kassiterit), Cavansite (Kavansit), Cacoxenite, Crocoite, Sitrin, Hessonit, Anhidrit, Kalsiterit, Aytaşı, Krizopras, Goşenit, Hemimorfit, Siyah Turmalin, Cassiterite, Cuprite, Kammererit, Limonit, Krokoit, Libetenit"
Metabolizmayı düzenleyerek kilo kontrolünü destekler ve sağlıklı beslenme alışkanlığı kazandırır,"Cassiterite (Kassiterit), Sanda Rosa Azeztulite, Crocoite, Kornerupine, Apatit, Gaspeit, Picasso Jasper, Gül Kuvars, Epidot, Hiddenit, Anjelit, Kalkopirit, Hanksit"
"Kas, eklem ve kemik ağrılarını hafifleterek fiziksel iyileşmeyi ve iskelet sistemini destekler","Copal (Kopal), Kammererite (Kemererit), Bişofit, Kuprit, Limonite, Creedite, Grossular Garnet, Mavi Dantel Akik, Krisokolla, Mondolit Kuvars, Kammererit, Tuz Lambası, Hiddenite, Kaya Tuzu, Götit, Sonsuzluk Taşı, Kalkopirit"
Vücuttaki iltihapları gidermeye yardımcı olur ve antiviral direnç sağlar,"Copal (Kopal), Cavansite (Kavansit)"
Kanser tedavi süreçlerinde hücresel yenilenmeye ve ruhsal dayanıklılığa destek sağlar,"Copal (Kopal), Kammererite (Kemererit), Sanda Rosa Azeztulite, Covellite, Kovelit, Epidot, Jeremejevite, Kemererit, Klorit"
Geçmiş yaşam anılarına ve Akaşik kayıtlara erişimi kolaylaştırarak ruhsal keşif sağlar,"Cavansite (Kavansit), Libyan Gold Tektite, Oregon Opal, Kammererite (Kemererit), Libya Çöl Camı, Tanzan Aura Kuvars, Kredid (Creedite), Nuummite, Melek Aura Kuvars, Andaluzit, Siyah Kyanit"
"Boşaltım sistemi, böbrek ve karaciğer fonksiyonlarını destekleyerek organ sağlığını korur","Cavansite (Kavansit), Creedite, Limonite, Libya Çöl Camı, Kuprit, Aktinolit, Karnelyan, Siyah Opal, Bumblebee Jasper, Konikalsit, Goshenit, Dumanlı Kuvars"
"Göz, kulak ve duyuyu organlarının sağlığını destekleyerek işlevlerini iyileştirir","Cavansite (Kavansit), Covellite, Akik, Ametist, Kalsit, Kedi Gözü Kuvars, Fenster Kuvars, Apatit, Goşenit, Hessonite (Gomed), Kavansit"
"Diş ve diş eti sağlığını korur, kemik ve diş yapısını güçlendirir","Copal (Kopal), Cavansite (Kavansit), Satürn Taşları, Amazonit, Apatit, Kalsit, Florit, Glendonit, Zebra Jasper, Dendritik Akik, Mavi Dantel Akik"
Üreme sağlığını ve doğurganlığı destekleyerek hormonal denge sağlar,"Copal (Kopal), Kammererite (Kemererit), Covellite, Kuprit, Akik, Akuamarin, Klevlandit, Malahit, Goşenit, Hemimorfit, Garnet, Kovellit"
"Cilt sağlığını korur, deri hastalıklarının iyileşmesine ve hücre yenilenmesine yardımcı olur","Copal (Kopal), Cavansite (Kavansit), Kuprit (toz formu), Akik, Ateş Akik, Kalsit, Pembe Yeşim, Sodalit, Akuamarin, Pembe Kuvars, Mavi Mercan, Konikalsit, Kaya Tuzu (Tuz Sabunu)"
Sindirim sistemini düzenleyerek mide ve bağırsak sağlığını destekler,"Cacoxenite, Kammererite (Kemererit), Libya Çöl Camı, Kornerupine, Limonite, Akik, Ateş Akik, Turritella Akik, Jasper, Bizmut, Sarı Jasper, Prehnit, Kaya Tuzu, Hessonite, Limonit, Kakoksenit"
İletişim becerilerini ve kendini ifade etme yeteneğini güçlendirir,"Cavansite (Kavansit), Copal (Kopal), Turkuvaz, Kyanit, Aqua Aura Kuvars, Ohio Selestit, Mavi Kiyanit, Krizokol Kuprit, Kriyolit, Krizoberil, Mavi Dantel Akik, Goshenit"
"Zihinsel netlik, odaklanma ve konsantrasyonu artırarak bilişsel yetenekleri güçlendirir","Cassiterite (Kassiterit), Copal (Kopal), Cavansite (Kavansit), Kuprit, Lapis Lazuli, Yeşim, Safir, Kornerupine, Kriyolit, Kaplan Gözü, Libethenite, Agni Altın Danburit, Ohio Selestit, Afrika Turkuazı, Şeffaf Kuvars, Aragonit, Kloritli Kuvars, Florit, Goshenit, Kornerupin, Hessonite, Kasiterit, Limonit, Kalkopirit, Ilvait, Sonsuzluk Taşı, Kalsit, Stellar Beam Kalsit, Kristal Kuvars, Goşenit, Stilbit, Azurit"
"Duygusal travmaları, blokajları ve kederi iyileştirerek içsel huzur sağlar","Cavansite (Kavansit), Cassiterite (Kassiterit), Kammererite (Kemererit), Oregon Opal, Rosophia, Pembe Kuvars, Kornerupine, Yeşim, Rodonit, Lemurian Quartz, Libethenite, Creedite, Morganit, Çilek Kuvars, Sanda Rosa Azeztulite, Nuummite, Tsavorite, Apaçi Gözyaşı, Kobaltlı Kalsit, Grösüler Garnet, Kloritli Kuvars, Cuprite, Kammererit, Kornerupin, Kasiterit, Klinozoisit, Hiddenite, Götit, Jeremejevite"
"Bolluk, bereket ve hedeflerin gerçekleşmesi için gereken tezahür enerjisini güçlendirir","Cassiterite (Kassiterit), Copal (Kopal), Yeşim, Turkuvaz, Pırlanta, Sitrin, Libya Çöl Camı, Sardoniks, Tsavorit Garnet, Pirit, Fenakit, Heliodor, Altın Labradorit, Altın Azeztulit, Agni Altın Danburit, Opal, Siyah Akik, Aventurin, Selestit, Kan Taşı, Kaplan Gözü, Grösüler Garnet, Yeşil Garnet, Cassiterite, Jeremejevite, Kornerupin, Hessonite, Sonsuz Taş, Kalkopirit"
Fiziksel stabilite ve topraklanma sağlayarak dünya ile olan bağı güçlendirir,"Cassiterite (Kassiterit), Copal (Kopal), Kammererite (Kemererit - Götit bileşeni), Cuprite, Limonite"
Baş ağrısı ve migren semptomlarını hafifletmeye yardımcı olur,"Cavansite (Kavansit), Copal (Kopal), Ametist, Bixbyite, Herderit, Apatit, Hemimorfit, Mavi Topaz, Kloritli Kuvars, Goshenit, Kavansit, Kopal Reçinesi, Sonsuzluk Taşı"
"Çakraları temizler, dengeler ve enerji merkezlerini hizalar","Copal (Kopal), Kammererite (Kemererit), Cassiterite (Kassiterit), Selenite"
Kan dolaşımını düzenleyerek kalp sağlığını ve ritmini destekler,"Copal (Kopal), Cavansite (Kavansit), Rosophia, Yakut, Cuprite, Lemurian Quartz, Kornerupine, Limonite, Verdit, Karnelyan, Turmali Albit, Kan Taşı, Krisokolla, Hessonite, Hiddenite, Limonit, Halit Minerali, Kopal Reçinesi, Goşenit, Kloritli Kuvars, Amolit, Kalsit, Cinnabar, Spessartine Garnet, Kunzit, Zümrüt, Yeşil Turmalin, Creedite, Goshenit"
"Özgürlük, güçlenme ve çaresizlikten kurtulma hissi verir","Cavansite (Kavansit), Cassiterite (Kassiterit), Kammererite (Kemererit)"
Reddedilme ve terk edilme gibi çocukluk yaralarını iyileştirir,Cassiterite (Kassiterit)
"Astral seyahat, lüsid rüya ve ruhsal yolculukları destekler","Cassiterite (Kassiterit), Kammererite (Kemererit), Kovelit, Cryolite, Stavrolit, Rhodozit, Selestit, Barit, Kavansit, Goşenit, Kammererit, Ay Taşı, İyolit, Prehnit, Danburit"
"Dekoratif amaçlı, süs eşyası veya nadir koleksiyon parçası olarak değerlendirilir","Kammererite (Kemererit), Yeşil Aventurin, Jasper, Kalsedon, Pembe Kuvars"
Ruhsal geçiş süreçlerinde sükunet sağlar ve manevi huzur verir,Cassiterite (Kassiterit)
Tıbbi uygulamalarda ve sindirim boşaltım süreçlerinde yardımcı madde olarak kullanılır,"Bambu opalı, Mirabilit, Zinober"
Cinsel enerjiyi dengeler ve afrodizyak etkisiyle libidoyu destekler,Bambu opalı
Belirli koşullarda insan sağlığına zararlı veya toksik risk taşıyan içerikler barındırır,"Aktinolit, Riyebekit, Grunerit (Amozit), Amyant, Grunerit, Serpantin"
Bağımlılıklardan kurtulma sürecini destekler ve kötü alışkanlıklarla mücadeleye yardımcı olur,"Cassiterite (Kassiterit), Kuprit, Kehribar, Barit, İolit, Lepidolit, Ametist, Cuprite, Aegirine, Hiddenite, Konikalsit"
Uyku kalitesini artırarak uykusuzluk ve kabuslara karşı koruma sağlar,"Copal (Kopal), Tibet Siyah Kuvars, Sanda Rosa Azeztulit, Staurolite, Ametist, Akik, Lapis Lazuli, Havlit, Libya Çöl Camı, Ay Taşı, Selestit, Lepidolit, Dumanlı Kuvars, Ay taşı, Mavi Kalsit, Danburit, Goşenit, Tanzanit, Kalsedon, Siyah Turmalin, Yeşim, Afganit, Auralite 23, Yıldız Mika, Sanda Rosa Azeztulite, Tuz Lambası, Infinite"
Vücudu ve kanı toksinlerden arındırarak fiziksel detoks sağlar,"Kammererite (Kemererit), Covellite, Cuprite, Ametrin, Aktinolit, Dolomit, Florit, Sarı Jasper, Şungit, Sülfür, Pirit, Grösüler Garnet, Yeşil Garnet, Hanksit, Kammererit, Konikalsit, Klinozoisit, Goşenit"
Vitamin ve mineral emilimini artırarak vücudun besin değerlerinden faydalanmasını sağlar,"Kammererite (Kemererit), Creedite"
"Beyin kapasitesini (telepati, psikokinezi) ve dalgalarını güçlendirir","Phenacite, Herderite, Copal (Kopal)"
Manevi ritüellerde ortam enerjisini temizlemek amacıyla tütsü formunda kullanılır,Copal (Kopal)
Doğal bir magnezyum kaynağı olarak mineral desteği sağlar,Bişofit
Vücut ısısını dengelemeye ve yüksek ateşi düşürmeye yardımcı olur,Limonite
Başkalarının eylemlerine karşı yargılamayı bırakmaya yardımcı olur,Libya Çöl Camı
Beden ve kalp arasındaki bağı güçlendirir,Kriyolit
Beynin sağ ve sol yarım kürelerini dengeler,"Manyetit, Tanzan Aura Kuvars"
Bünyesel ağırlık hissini ortadan kaldırma,Libya Çöl Camı
Cinsel enerjiyi dengeler ve cinsel travmaların iyileşmesine yardımcı olur,"Karnelyan, Asa Kuvars, Turuncu Kalsit"
Dehidrasyonu (susuzluk) giderme,Limonite
Doğa ruhları ve perilerle iletişim kurmayı sağlar,"Staurolite, Sonsuzluk Taşı (Infinite), Yeşil Kiyanit, Yeşil Apofilit"
Dormant (uyuyan) yetenekleri uyandırma,Cryolite
"Duygusal berraklığı, dayanıklılığı ve değişim sürecine güveni artırır",Kovelit
Duygusal dengelemeye yardımcı olur,"Kriyolit (Chiolite ile birlikte), Kornerupine"
En derin korkularla yüzleşmeye ve onları aşmaya yardımcı olur,Kriyolit (Galena ile birlikte)
"Fiziksel gücü, zindeliği ve yaşam enerjisini (chi/prana) artırır","Kuprit, Kornerupine, Lal Taşı (Almandin), Akik, Kaplan Demiri, Dragon Taşı, Ateş Akik, Karnelyan, Garnet, Turuncu Kalsit, Vanadinit, Şiva Lingam, Kloritli Kuvars, Hessonite, Limonit, Kalkopirit, Götit, Goshenit"
Entelektüel gücü ve iyi şansı artırır,Pirit
Ertelenen plan ve kararların takibini kolaylaştırır,Creedite
Eterik bedendeki sızıntıları ve delikleri kapatır,Sonsuzluk Taşı (Infinite)
"Geçmiş travmaları, sınırlayıcı inançları ve negatif kalıpları serbest bırakmaya yardımcı olur","Kovelit, Kornerupine"
Gelecek öngörü yeteneğini artırma,Cryolite
"Yaratıcılığı, hayal gücünü ve ilhamı artırarak motivasyon sağlar","Opal, Turkuvaz, Akik, Yeşim, Kovelit, Libya Çöl Camı, Turuncu Kredid (Creedite), Ferro Aktinolit, Apatit, Ametrin, Siyah Diyaptaz, Dumortierit, Manyezit, Grösüler Garnet, Yeşil Garnet, İlvaite, Çinko, Cuprite, Goshenit, Kornerupin, Konikalsit, Krokoit"
Hayallerin gerçekleştirilmesi ve içsel yansıma,Covellite
İlhamın gerçekleşmesi için eylemi ve başarıyı destekler,Pirit
İrade gücünü artırır,Libya Çöl Camı
Kadim bilgi ve bilgelikle bağlantı kurmayı sağlar,"Libya Çöl Camı, Aqua Lemuria"
Kan detoksifikasyonuna yardımcı olur,Creedite
"Özgüveni, özsaygıyı ve kişisel gücü artırarak bireysel farkındalığı güçlendirir","Lal Taşı (Almandin), Akik, Rosophia, Stronsiyanit, Ejderha Taşı, Crocoite, Libethenite, Kuprit, Sitrin, Sardonyx, Dragon Taşı, Karnelyan, Agni Manitite, Grösüler Garnet, Yeşil Garnet, Tsavorit Garnet, Libya Çöl Camı, Klinozoisit, Hessonite, Ilvaite, Kalkopirit"
Kontrol edilemeyen şeyleri bırakmayı ve kişisel mutluluğu yaratmayı öğretir,Libya Çöl Camı
"Kök çakrayı dengeler, güvenlik ve fiziksel canlılık sağlar","Kızıl Kuprit, Ejderha Taşı, Sardoniks, Manyetit"
Kundalini enerjisinin yükselmesini ve ruhsal enerji aktivasyonunu sağlar,"Sonsuzluk Taşı (Infinite), Stronsiyanit, Kuprit, Kriyolit, Crocoite, İnfinite (Sonsuzluk Taşı), Atlantisite, Krokoit"
Melankoliyi dağıtır ve duygusal sakinlik getirir,Kuprit
Mucizelerin tezahürünü teşvik eder,Kovelit
Psişik ve sezgisel yeteneklere uyum sağlama,"Kovelit, Cryolite, Creedite, Libya Çöl Camı"
Sabır ve sebat verir,"Lal Taşı, Yeşim"
"Üçüncü Göz, Taç ve eterik çakraları aktive eder","Creedite, Fenakit, Natrolit, Azeztulit, Herderit, Satyaloka Kuvars, Altın Garnet, Stronsiyanit"
"Yorgunluk, depresyon ve inisiyatif eksikliğini hafifletir","Sonsuzluk Taşı (Infinite), Okyanus Jasper, Aqua Aura Kuvars, Creedite"
Zorluklar karşısında sabır ve sebat verir,"Lal Taşı, Yeşim"
"Negatif enerjilere, psişik saldırılara ve nazara karşı koruma sağlar.","Moldavit, Tibet Siyah Kuvars, Sardonyx, Obsidiyen, Kehribar (Amber), Ametist, Apaçi Gözyaşı, Libya Çöl Camı, Ilvaite, Kloritli Kuvars, Aegirine, Hanksit, Kasiterit, Lal (Garnet), Götit, Goshenit, Hessonite"
Elektromanyetik (EMF) radyasyona karşı koruma kalkanı oluşturur,"Amazonit, Florit, Lepidolit, Şungit, Dumanlı Kuvars, Jasper, Barit, Klinozoisit"
"Aura alanını temizler, çakraları dengeler ve hizalar.","Metamorfoz Kuvars, Selenit, Akuamarin, Barit, Girasol, Hemimorfit, Serpentine, Ruh Kuvarsı, Angel Dust Kuvars, Creedite, Kassiterit, Hessonite"
"Endüstriyel üretimde hammadde, yalıtkan veya yapı malzemesi olarak kullanılır","Albit, Anortoklaz, Apatit, Boraks, Kolemanit, Kaolin, Kaolinit, Spodümen, Talk, Aktinolit, Amfibol, Amyant, Andalüzit, Badeleyit, Almandin, Boksit, Diyaspor, Korund, Akik, Alüminit, Barit, Bentonit, Lületaşı, Manyezit, Götit, Klorit, Disten, Biyotit, Kuvars, Küprit, Bişofit, Laterit, Florit, İnci, Alünit, Keynit, Trona"
Bağışıklık sistemini güçlendirir ve hastalıklara karşı direnci artırır,"Afganit, Aktinolit, Almandin Garnet, Altın Şifacı Kuvars, Anyolit (Yakutlu Zoisit), Atakamit, Ajoite, Beril, Chevron Ametist, Garnet (Lal), Golden Healer, Siyah Turmalin, Unakit, Varisit, Yakut, Yosun Akiği, Zirkon, Zoisit, Zümrüt, Tanzanit, Topaz, Turmalin, Ajoit, Almandin Granat, Hematoid Kuvars, Sodalit, Unakite, Aleksandrit, Andalusit, Sugulit, Spinel, Lal (Garnet), Yosun Akik, Kehribar, Ametist, Kalsedon, Kar Kuvarsı, Quantum Quattro, Almandin, Tektit, Boraks, Realgar, Sinober, Stibnit, Ametrin, Şevron Ametist, Mavi Kalsedon, Andradit Garnet, Safir, Yeşil Opal, Kunzit, Mondolite Kuvars, Alexandrite, Garnet (Lal Taşı), Granat (Lal Taşı)"
Stres ve kaygıyı azaltarak duygusal denge ve huzur sağlar,"Adamit, Afganit, Ajoite, Almandin Garnet, Alexandrite, Altın Şifacı Kuvars, Andalusit, Anyolit, Atakamit, His Taşı, Turmalin Kuvars, Unakit, Varisit, Yosun Akik, Zirkon, Zümrüt, Aktinolit, Aleksandrit, Almandin, Andaluzit, Aventurin, Montana Akik, Opal, Yeşim, Tanzanit, Anyolit (Yakutlu Zoisit), Sodalit, Topaz, Turmalin, Mistik Topaz, Unakite, Yosunlu Akik, Almandin Granat, Spinel, Astrophyllite, Mavi Dantelli Akik, İnci, Rodonit, Altın Kuvars, Sugilite, Papagoite, Shattuckite, Rose Quartz, Variscite, Aksinit, Andalusite, Atakamite, Ajoit, Garnet (Lal Taşı), Adamin (Adamite), Ejinir (Aegirine), Galena, Siyah Turmalin, Vanadinit, Botsvana Akik, Pembe Dantel Akik, Lityum Kuvars, Lepidolit, Markasit (Brandberg) Ametisti, Ay Taşı, Kunzit, Atakamit (Atakamite)"
"Özgüveni, cesareti ve kişisel karizmayı artırır","Adamite, Afganit, Aktinolit, Alexandrite, Almandin Garnet, Altın Sarı Apatit, Andalusit, Anyolit (Yakutlu Zoisit), Golden Healer, Oniks, Unakit, Varisit, Yakut, Vanadinit, Zirkon, Tanzanit, Aleksandrit, Almandin, Altın Şifacı Kuvars, Zümrüt, Sodalit, Sugulit, Turmalin, Rubizoit, Spinel, Topaz, Ajoite, Thulite, Siyah Spinel, İmparatorluk Topazı, Astrofilit, Yosunlu Akik, Sitrin, Kaplan Gözü, Kırmızı Jasper, Karnelyan, Aktinolit (Actinolite), Ferro Aktinolit, Astrofilit (Astrophyllite), Aksinit (Axinite), Kopal Kehribar, Hematoid Kalsit"
"Kalp sağlığını korumak, kalp rahatsızlıklarını iyileştirmek ve çarpıntıyı gidermek","Ajoite, Almandin, Anyolit, İnci, Kehribar, Mercan, Unakit, Varisit, Yakut, Yosunlu Akik, Zümrüt"
İletişim becerilerini ve kendini ifade etme gücünü geliştirir,"Adamite, Afganit, Ajoite, Alexandrite, Almandin Garnet, Andalusit, Atakamit, Mavi Dantelli Akik, Tanzanit, Yosunlu Akik, Zirkon, Zümrüt, Sodalit, Varisit, Mistik Topaz, Topaz, Thulite, Afghanite, Zoisit, Anyolit, Yeşil Turmalin (Verdalit), Papagoite, Shattuckite (Phoenix Stone), Lapis Lazuli, Andalusite, Adamit, Aksinit, Atakamit (Atakamite), Renkli Akik, Mavi Kalsedon, Septarian"
"Uyku kalitesini artırır, uykusuzluğu ve kabusları giderir","Afganit, Aktinolit, Almandin, Alexandrite, Ametist, Andalusit, Auralite 23, Golden Healer, Havlit, Turmalin Kuvars, Varisit, Yosunlu Akik, Zirkon, Sugulit, Turmalin, Anyolit, Rubizoit, Zümrüt, Atakamit, Topaz, Zoisit, Sodalit, Yakut, Hematoid Kuvars, Pembe Dolomit, Şap, Florit, Mıknatıs Taşı, Sinober, Lapis Lazuli, Muskovit, Firuze, Lacivert Taşı, İnci, Aytaşı, Yeşim, Lal, Havlit (Howlite), Mavi Kuvars, Gökkuşağı Ay Taşı, Mavi Dantel Akik (Blue Lace Agate), Pembe Kalsit, Limon Krizopraz, Spessartine Garnet, Beyaz Ay Taşı, Dalmaçya Jasper, Almandin Garnet, Garnet (Lal Taşı), Axinite, Staurolite, Scolecite, Angelite, Ruby"
Hormonları dengeler ve endokrin sistem fonksiyonlarını destekler,"Adamite, Ajoite, Aleksandrit, Almandin, Anhidrit, Anyolit, Andalusit, Ametist, Astrophyllite, Atakamit, Kavansit, Unakit, Vanadinit, Zirkon, Sugilit, Granat (Lal), Topaz, Adamit, Tanzanit, Turmalin, Ay Taşı, Kasiterit, Pietersit, Anhidrit (Anhydrite), Kasiterit (Cassiterite), Limon Krizopraz, Pembe Jasper, Almandin Garnet, Altın Şifacı Kuvars, Astrofilit, Axinite"
Karaciğer ve böbrek fonksiyonlarını destekleyerek organ sağlığını korur,"Aktinolit, Almandin Garnet, Amestist, Astrofilit, Atakamit, Azurit, Azurit-Malakit, Gözlere, Kan Taşı, Kehribar, Kırmızı Mercan, Malakit, Opal, Prenit, Rodokrozit, Sitrin, Varisit, Yakut, Yeşim, Zirkon, Zümrüt, Astrophyllite, Sugulit, Beril, Hematit, İyolit, Ametist, Kalsit, Elmas, İnci, Kuvars, Jasper, Hafif Toz, Talk, Prehnit, Vanadinit, Aktinolit (Actinolite), Amazonit, Kan Taşı (Bloodstone), Krizopraz (Chrysoprase), Limon Krizopraz, Ay Taşı, Siyah Ay Taşı, Serafinit (Seraphinite), Altın Şifacı Kuvars, Azurit-Malakiit, Krisopraz, Limon Krisopraz, Siyah Aytaşı, Serafinit"
"Kas ve kemik yapısını güçlendirir, fiziksel ağrıları dindirir","Afganit, Alexandrite, Andalusit, Anyolit (Yakutlu Zoisit), Axinite, Bronzit, Kalsit, Varisit, Vesuvianite (Vezüvyan), Yakut, Yosunlu Akik, Zirkon, Aragonit, Anyolit, Spinel, Taşlaşmış Ağaç, Zoisit, Vesuvianite, Bal rengi Akis, Şap, Pirit, Mavi Dantelli Akik, Kehribar, Kalkit, Selenit, İnci, Akik, Aquamarine, Elmas, Mercan, Akik (Rabti), Apatit, Yeşil Kalsit, Creedite, Glendonit, Mamut Fildişi, Şungit, Sugulit, Turmalin, Aktinolit, Andaluzit, Zümrüt, Topaz, Turkuaz, Manyetit, Azurit-Malakit, Kuvars (Jasper), Kiyanit, Obsidyen, Krizokol, Almandin, Lal (Garnet), Tanzanit, Hematit, Kridit (Creedite), Florit, Faden Kuvars, Almandin Garnet, Granat (Lal Taşı), Ajoite"
"Negatif enerjiyi uzaklaştırır, aurayı temizler ve spiritüel koruma sağlar","Ajoite, Aktinolit, Almandin, Anyolit, Astrofilit, Atakamit, Ateş Akiği, Kehribar, Mercan, Turmalin, Turmalinli Kuvars, Varisit, Yakut, Zirkon, Zümrüt, Şungit, Mistik Topaz, Topaz, Spinel, Ajoit, Andaluzit, Sugulit, Astrophyllite, Adamite, Siyah Spinel, Aksinit, Aleksandrit, Altın Şifacı Kuvars, Almandin Granat, Bal rengi Akis, Ateş Akik, Elmas, Safir, Siyah Turmalin, Yosunlu Akik, Kükürt, Yeşim, Labradorite, Almandin Garnet, Black Tourmaline, Andalusite, Alexandrite, Aegirine, Aktinolit (Kuvars içinde), Afganit, Ametist, Florit, Selestit (Celestite), Kaplan Gözü, Selenit, Tibet Kuvarsı, Spiritüel Kuvars, Atakamit (Atakamite)"
"Hamilelik, doğum ve üreme sağlığını destekleyerek doğurganlığı artırır","Akik, Azurit, İnci, Kehribar, Unakit, Ajoite, Almandin Garnet, Anyolit, Astrophyllite, Ateş Akiği, Garnet (Lal), Yakut, Vanadinit, Zirkon, Zoisit, Zümrüt, Unakite, Rubizoit, Varisit, Almandin Granat, Granat (Lal), Ateş Akik, Akik (Karnelyan), Mercan, Aytaşı, Selenit, Almandin, Yeşim, Kan Taşı, Yosunlu Akik, Granat (Lal Taşı), Abalone"
Göz sağlığını destekler ve görme keskinliğini iyileştirir,"Almandin Garnet, Ametist, Anyolit, Firuze, İnci, Lal, Mercan, Unakit, Yakut, Zebercet, Zümrüt, Afganit, Topaz, Almandin Granat, Akik, Ateş Akik, Resim Akik, Lacivert Taşı, Beril, Elmas, Turkuaz, Smitsonit, Kavansit, Sölestin, Kalsit, Yeşil Beril, Yeşim (Jade), Sedef, Kaplan Gözü"
Kan basıncını (tansiyonu) düzenler ve dengeler,"Ajoite, Kiyanit, Kobalt-Kalsit, Krizokol, Turmalinli Albit, Yosunlu Akik, Zoisit, Albit, Kan Taşı (Bloodstone), Krizokol (Chrysocolla), Sedef"
"Yaratıcılığı, ilhamı ve sanatsal ifadeyi teşvik eder","Ajoite, Alexandrite, Almandin Garnet, Anyolit, Astrofilit, Atakamit, Altın Şifacı Kuvars, Vanadinit, Vesuvianite (Vezüvyan), Zümrüt, Ajoit, Yeşil Turmalin (Verdalit), Sugulit, Spinel, Topaz, Tanzanit, Sodalit, Almandin Granat, Ferro Aktinolit, Botswana Akik, Apatit, Azurit, Kalsit, Dumortierit, Altın Taşı, Magnezit, Kunzit, Sfalerit, Andalusite, Almandine Garnet, Adamit, Atakamite, Garnet (Lal Taşı), Eudialyte (Ödiyalit), Girasol Kuvars, Glendonite, Turuncu Kalsit, Rodokrozit, Pietersit"
Metabolizmayı düzenler ve hücre yenilenmesini destekler,"Aktinolit, Aleksandrit, Amazonit, Apatit, Atacamite, Labradorit, Peridot, Tanzanit, Yakut, Pembe Turmalin, Sugulit, Varisit, Unakit, Siyah Turmalin (Şörl), Zoisit, Granat (Lal), Lal, Spinel, Taşlaşmış Ağaç, Alexandrite, Zümrüt, Garnet (Lal Taşı)"
İştahı dengeler ve kilo kontrolüne yardımcı olur,"Apatit, Kasiterit, Safir, Spinel, Astrophyllite, Yosunlu Akik, Kasiterit (Cassiterite), Gaspeite, Geode (Ocho), Cinnabar, Skapolit"
Radyasyon ve elektromanyetik kirliliğe karşı koruma sağlar,"Aleksandrit, Turmalin, Turmalinli Kuvars, Unakit, Vanadinit, Şungit, Siyah Turmalin (Şörl), Ametist, Karnelyan, Hematit, Kristal Kuvars, Pirit, Sitrin, Amazonit, Zeolit, Galena, Şungit (Shungite), Siyah Turmalin, Sarı Jasper, Çift Uçlu Kuvars"
Bağımlılıklarla mücadelede destek sağlar ve kurtulmaya yardımcı olur,"Ajoite, Altın Şifacı Kuvars, Baltık Kehribar (Amber), Turmalin, Varisit, Astrophyllite, Vesuvianite, Sodalit, Ametist, Sitrin, Kunzit, Dumanlı Kuvars, Ateş Akik, Kehribar, Barit, İyolit, Lepidolit, Axinite, Kehribar (Amber), Dumortierit, Amosit, Iolit, Aegirine, Aksinit, Astrofilit"
Ruhsal büyümeyi destekler ve geçmiş yaşam şifası sağlar,"Aksinit, Anyolit, Adamit, Mavi Apatit, Unakit, Vesuvianite (Vezüvyan), Astrophyllite, Petrified Wood, Zümrüt, Almandin Granat, Bal rengi Akis, Ajoite, Sugilite, Papagoite, Almandin Garnet, Amethyst, Lapis Lazuli, Andalusite, Golden Healer, Alexandrite, Aktinolit (Kuvars içinde), Afganit, Andaluzit, Atakamit (Atakamite), Altın Şifacı Kuvars, Astrofilit, Aktinolit (Actinolite)"
"Fiziksel enerjiyi ve canlılığı artırır, yorgunluğu giderir","Almandin, Ametrin, Anyolit, Atacamite, Axinite, Azurit, Jasper, Vanadinit, Zoisit, Montana Akik, Aksinit (Axinite), Agnitit, Ateş Akik, Bakır, Kaplan Gözü, Adamit, Atakamit (Atakamite), Astrofilit"
Kas krampları ve spazmlarını giderir,"Amazonit, Aragonit, Azurit-Malakit, Yeşim, Varisit, Manyetit, Zebra Jasper, Aleksandrit, Sülüğen, Kalsit, Manyetit (Magnetite), Maun Obsidyen, Auralite 23, Axinite, Andalusite"
"Romatizma, artrit ve eklem ağrılarını hafifletir","Karnelyan / Kırmızı Akik, Mercan, Siyah Turmalin, Akik, Apatit, Bakır, Malakit, Florit, Sülfür, Krizokol, Zümrüt, Mavi Dantel Akik, Azurite, Obsidyen, Mavi Dantel Akik (Blue Lace Agate), Krizokol (Chrysocolla), Maun Obsidyen, Lepidolit, Yeşil Altın Taşı, Andalusit"
Zehirlenmelere karşı koruyucu ve panzehir etkisi sağlar,"İnci, Yakut, Zümrüt"
"Bolluk, bereket ve şansı hayata çeker","Ajoite, Alexandrite, Golden Healer, Yosun Akik, Altın Şifacı Kuvars, Zümrüt, Turmalin, Yakut, Topaz, Tanzanit, Atakamit, Spinel, Siyah Akik, Yağmur Çiçeği Taşı, Aventurin, Aleksandrit, Selestit, Yeşim (Jade), Polikrom Jasper, Güneş Taşı, Yosunlu Akik, Astrofilit"
Kanser tedavisinde destekleyici ve ağrı hafifletici rol oynar,"Azeztulit, Kan Taşı, Kuvars (Jasper), Serafinit, Kovellit, Sugulit, Spinel, Abalon, Akik, Kehribar, Pırlanta, Florit, Pirit, Turmalin, Karpuz Turmalin, Aleksandrit, Almandin, Ajoite"
Epilepsi ve sara nöbetlerini hafifletmeye yardımcı olur,"Elmas, Mercan, Zümrüt, Ateş Akik, Bakır, Jet, Sugulit, Astrophyllite, Zirkon, Lapis Lazuli"
Su arıtma özelliği ile bakteri ve ağır metalleri temizler,"Şungit, Zeolit"
Vücuttaki fazla elektriği toprağa aktarır ve topraklanma sağlar,"Unakit, Atakamit, Axinite, Vanadinit, Adamite, Petrified Wood, Siyah Spinel, Yosunlu Akik, Aksinit, Garnet, Jasper, Almandin Granat"
Kulak sağlığını ve işitme fonksiyonlarını destekler,"Mercan, Aytaşı, Rodonit, Sodalit, Amazonit, Kunsit, Sölestin"
Vücut ısısını dengeler ve ateşi düşürmeye yardımcı olur,"Sodalit, Zümrüt, Alçı Taşı, Oltu Taşı, Opal, Tektit, Yakut, Beryl, Andalusit"
Kanama durdurucu ve pıhtılaşma düzenleyici etki sağlar,"Şap, Hematit, Mürdesenk, Fırın Toprağı, Kan Taşı, Kuvars (Jasper), Safir"
Sinir sistemini güçlendirir ve sakinleştirir,"Dendritik Akik, Ambliyogonit (Amblygonite), Kalsit, Altın Taşı, Natrolit, Serafinit (Seraphinite), Spodumen, Kunzit, Aleksandrit, Atakamit (Atakamite)"
Kişisel dönüşüm ve değişim süreçlerini kolaylaştırır,"Ajoit, Aleksandrit, Altın Şifacı Kuvars, Aksinit, Astrofilit"
Sosyal gruplarda iş birliğini ve uyumu teşvik eder,"Abalone, Kalsit, Siyah Turmalinli Albit, Granit, Selestit (Celestite), Kalsedon (Chalcedony), Göksel Kalsit, Yeşil Kuvars, Kar Kuvars"
Vücuttaki Yin ve Yang (eril-dişil) enerjilerini dengeler,"Kayısı Akik, Aktinolit (Actinolite), Krizopraz (Chrysoprase), Kyanit, Jasper, Yeşil Oniks, Boji Taşları, Şaman Taşları"
Zihin ve kalp arasındaki dengeyi ve birliği sağlar,"Adamin (Adamite), Yeşil Apatit, Rosophia"
Asbestoz ve mezotelyoma riskine karşı sağlık uyarısı içerir,"Asbest (Krizotil, Amosit vb.)"
Solar Pleksus ve Kalp çakraları arasında denge sağlar,"Adamit, Altın Şifacı Kuvars"
Duyusal hassasiyeti ve dokunma hissini artırır,Aleksandrit
Serotonin salgılanmasını artırarak mutluluk hissi verir,Aleksandrit
Parazit ve mantar enfeksiyonlarına karşı vücudu destekler,Aktinolit
Yeni çevrelere uyum sağlamayı ve asimilasyonu kolaylaştırır,"Aktinolit, Garnet (Lal Taşı)"
Öz sevgi kazandırır ve gerçek benlik farkındalığını artırır,Astrofilit
İrade gücünü kalp duygularıyla uyumlu hale getirir,Adamit
"Cinsel enerjiyi, libidoyu ve fiziksel dayanıklılığı artırır","Ateş Akik (Fire Agate), Ödiyalit (Eudialyte), Bustamite, Jasper"
Doğa enerjileriyle bağ kurmayı ve psişik yetenekleri geliştirir,Yosun Akik (Moss Agate)
"Zihinsel fonksiyonları, hafızayı ve solunum yollarını güçlendirir","Kehribar (Amber), Datolit (Datolite), Barit, Enstatite"
Zihni sakinleştirir ve meditasyon sürecini derinleştirir,"Ametist (Amethyst), Benitoyit (Benitoite), Fenakit (Phenakite)"
Ruhsal yolculuk ve astral seyahat sırasında koruma sağlar,Ametrin (Ametrine)
"Yüksek boyutlar, ruhsal rehberler ve varlıklarla iletişim kurmayı sağlar","Anjelit (Angelite), Kuvars içinde Brukit (Brookite in Quartz), Fenakit (Phenacite), Gaspeit (Gaspeite), Brookite, Faden Kuvars, Erythrite"
"Psişik yetenekleri, sezgileri ve öngörü gücünü geliştirir","Apatit (Apatite), Azurit (Azurite), Siyah Gümüş Titanyum (Siyah Ametist / Black Amethyst), Kuvars içinde Brukit (Brookite in Quartz), Fenakit (Phenacite), Glendonit, Azurit, Iolit, Larvikite, Shattuckite, Pietersite, Dumortierit, Benitoyit (Benitoite)"
Doğa ruhlarıyla iletişim ve boyutlar arası kapılar açma,Yeşil Apofilit (Green Apophyllite)
Zihinsel arınma sağlayarak derin bir ruhsal dönüşüm başlatır,Azeztulit (Azeztulite)
Psişik saldırılara karşı koruma sağlar ve sevgi enerjisini yükseltir,"Beril (Beryl), Siyah Gümüş Titanyum (Siyah Ametist / Black Amethyst), Faden Kuvars (Faden Quartz), Galen (Galena), Gaspeit (Gaspeite), Aurichalcite, Aegirine, Aqua Aura Kuvars, Azeztulit, Dravit"
Doğa enerjileriyle bağ kurmayı ve vücudu detoksifiye eder,Kan Taşı (Bloodstone)
"Ruhsal uyanış, uyanış ve farkındalık seviyesini artırır","Herderit (Herderite), Fenakit, Galen, Glendonit, Kriyolit, Praziyolit, Ametist, Spirit Quartz (Ruh Kuvarsı), Moldavit"
Sinir sistemini yeniler ve beyin fonksiyonlarını destekler,"Fenakit (Phenacite), Faden Kuvars, Glendonit, Faden Kuvars (Faden Quartz), Ödiyalit (Eudialyte)"
Zihinsel odaklanmayı artırır ve yüksek bilinç seviyelerine taşır,"Pietersit (Pietersite), Franklinid, Glendonit, Girasol Kuvars, Fenakit, Brezilyanit (Brazilianite), Galen (Galena), Fenakit (Phenacite), Kuvars içinde Brukit (Brookite in Quartz), Siyah Gümüş Titanyum"
Aura alanındaki hasarları onarır ve enerjik koruma sağlar,"Faden Kuvars (belirtilen genel kuvars etkileri kapsamında), Faden Kuvars (Dikişli Kristal), Faden Kuvars (Faden Quartz), Fenakit (Phenacite), Kuvars içinde Brukit (Brookite in Quartz)"
Güçlü topraklama sağlar ve alt çakraları dengeler,"Galen (Galena), Siyah Turmalin, Obsidyen, Galen, Franklinid, Enstatit, Gaspeit, Glendonite"
Çakraları dengeler ve duygusal şifalanma sağlar,"Gaspeit (genel yeşil taş/karaciğer/kalp etkileri kapsamında), Glendonit, Faden Kuvars, Erythrite (Eritrit), Fenakit, Girasol Kuvars, Fenakit (Phenacite), Faden Kuvars (Faden Quartz), Kuvars içinde Brukit (Brookite in Quartz)"
Bağışıklık sistemini güçlendirir ve prostat sağlığını destekler,"Çinko içerikli taşlar (Zincite/Franklinite benzeri), Zümrüt, Ametrin, Akuamarin, Pirit, Şungit, Elit Şungit, Moss Agate (Yosun Akik), Kalsedon, Ağaç Akik, Florit, Boji Taşları (Boji Stones), Dravit, Dalmaçyalı Jasper, Fosfosiderit"
Kemik sağlığını güçlendirir ve kırıkların iyileşmesini hızlandırır,"Glendonit, Glendonit (Schmoo), Piemontit, Kaplan Gözü, Hematit, Mavi Dantelli Akik, Hakmanit, Dolomit, Faden Kuvars, Fosfosiderit"
"Zihinsel netliği, odaklanmayı ve berrak düşünmeyi destekler","Glendonit, Berrak Kuvars, Sodalit, Florit, Brezilyanit (Brazilianite), Aegirine"
Elektromanyetik kirlilik (EMF) ve radyasyona karşı koruma sağlar,"Galen, Galen (Galena), Kuvars içinde Brukit (Brookite in Quartz), Brookite, Aegirine, Dalmatian Jasper"
Duygusal denge sağlar ve kalp çakrasını şifalandırır,"Gaspeit, Ödiyalit (Eudialyte)"
Vücuttaki kireçlenme ve toksik birikimleri temizler,"Galen, Gaspeit (Gaspeite), Galen (Galena), Brezilyanit (Brazilianite)"
Metabolizmayı düzenler ve kan şekeri dengesine yardımcı olur,"Gaspeit, Datolit (Datolite)"
Sinir sistemi rejenerasyonu (yenilenmesi),Faden Kuvars
Astral seyahati kolaylaştırır ve ruhsal bağları güçlendirir,Faden Kuvars
Geçmiş yaşam regresyonu ve hatırlama,"Faden Kuvars, Phosphosiderite (Fosfosiderit)"
Kemik ve kan hücrelerinin sağlığını destekler,Erythrite (Eritrit)
Cilt hastalıklarının tedavisine ve cilt sağlığına yardımcı olur,"Erythrite (Eritrit), Phosphosiderite (Fosfosiderit), Brezilyanit (Brazilianite), Barit, Dravit, Jasper"
Solunum yolları ve akciğer sağlığını destekler,"Gaspeit, Gaspeit (Gaspeite), Bustamit (Bustamite), Gaspeite"
Üçüncü Göz ve Taç çakralarının aktivasyonu,"Fenakit, Girasol Kuvars"
Zihinsel netlik ve telepati yeteneğinin artırılması,Fenakit
"Özgüveni, kişisel gücü ve iradeyi artırır","Erythrite (Eritrit), Eudialyte (Ödiyalit), Glendonit, Kalkopirit, Altın Obsidyen, Kaplan Gözü, Sifalerit, Sitrin, Akik, Boji Taşları (Boji Stones)"
İletişim yeteneğini ve kendini ifade etme gücünü artırır,"Girasol Kuvars, Erythrite (Eritrit), Glendonit, Amazonit, Mavi Dantelli Akik, Lapis Lazuli, Larimar, Krizokol, Turkuaz, Benitoyit (Benitoite), Girasol Opal / Sütlü Kuvars"
Kalp sağlığını ve kan dolaşım sistemini güçlendirir,Eudialyte (Ödiyalit)
"Kırık kemiklerin, kemik çatlaklarının ve bağ yırtılmalarının iyileşmesini hızlandırır.",Faden Kuvars (Faden Quartz)
Kas yırtıkları ve tendon hasarlarının iyileşmesine yardımcı olur.,Faden Kuvars (Faden Quartz)
Sinir sistemi bozukluklarını dengeler ve sinir sistemini meridyenlerle hizalar.,Faden Kuvars (Faden Quartz)
Astral seyahat sırasında fiziksel ve ruhsal benlik arasındaki bağlantıyı (gümüş kordon) korur.,Faden Kuvars (Faden Quartz)
Aurayı temizler ve tüm çakraların açılmasını teşvik eder.,Faden Kuvars (Faden Quartz)
"Zihinsel, fiziksel ve duygusal her seviyede stabilite ve denge sağlar.",Faden Kuvars (Faden Quartz)
Bilinçaltını temizlemeye ve ruhsal/bedensel rahatsızlıkları gidermeye yardımcı olur.,Galen (Galena)
Güçlü topraklama sağlar ve zorluklarla yüzleşme cesareti verir.,Galen (Galena)
"Zihinsel netlik ve odaklanmayı artırır, düşünce süreçlerini berraklaştırır.",Galen (Galena)
Vücudu detoksifiye eder ve toksinlerden arındırır.,Galen (Galena)
Bağımlılıklardan kurtulma sürecini destekler.,Galen (Galena)
"Öfke, sıkıntı ve geçmişten gelen duygusal acıları çözer.",Gaspeit (Gaspeite)
Kalp çakrasını açar ve duygusal huzur getirir.,Gaspeit (Gaspeite)
"Safra kesesi, dalak ve karaciğer fonksiyonlarını destekler.",Gaspeit (Gaspeite)
Mide bulantısını ve yol tutmasını (seyahat hastalığı) hafifletir.,Gaspeit (Gaspeite)
"Doku ve kemik büyümesine, ayrıca saç, cilt ve tırnak sağlığına yardımcı olur.",Gaspeit (Gaspeite)
Herhangi bir kristalin en yüksek titreşimlerinden birine sahiptir ve ruhsal enerjiyi yeryüzüne indirir.,Fenakit (Phenakite/Phenacite)
Üçüncü göz çakrasını aktive ederek içsel bilişi ve vizyoner yetenekleri geliştirir.,Fenakit (Phenakit/Phenacite)
Beyin fonksiyonlarını iyileştirir ve sinir hasarlarının tedavisinde yardımcıdır.,Fenakit (Phenakit/Phenacite)
Aura temizliği yapar ve enerji yollarını (meridyenleri) arındırır.,Fenakit (Phenakit/Phenacite)
Erkek üreme sistemi bozukluklarının tedavisine yardımcı olur.,Franklinid (Franklinite)
Saç büyümesini uyarır (kellik tedavisi desteği).,Franklinid (Franklinite)
Gözlerin iyileşme sürecini destekler.,Franklinid (Franklinite)
Stres seviyesini düşürür ve zihinsel odaklanma gücünü artırır.,Franklinid (Franklinite)
"Kök, sakral ve solar pleksus çakralarını dengeleyerek fiziksel canlılığı geri kazandırır.",Franklinid (Franklinite)
"Fiziksel, zihinsel ve ruhsal iyileştirme özellikleri (Genel)","Kuvars içinde Brukit, Siyah Gümüş Titanyum, Faden Kuvars, Galen, Gaspeit, Fenakit"
"Psişik farkındalığı artırma, genişletme ve psişik yetenekleri geliştirme","Kuvars içinde Brukit (Brookite in Quartz), Fenakit (Phenacite), Siyah Gümüş Titanyum (Siyah Ametist / Black Amethyst), Galen (Galena)"
"Üst çakraları (Üçüncü Göz, Taç, Ruh Yıldızı) aktive etme ve enerji gövdesiyle bağlama","Kuvars içinde Brukit (Brookite in Quartz), Fenakit (Phenacite), Faden Kuvars (Glendonite/Ikaite Pseudomorph)"
"Diğer taşların, kristallerin ve tılsımların enerjisini yükseltme","Kuvars içinde Brukit (Brookite in Quartz), Fenakit (Phenacite)"
Hücresel düzeyde besinlerin ve çevresel enerjinin asimilasyonunu/emilimini sağlama,Kuvars içinde Brukit (Brookite in Quartz)
Yüksek enerjili titreşimle ruhsal aydınlanma ve uyanış sağlama,"Fenakit (Phenacite), Galen (Galena), Siyah Gümüş Titanyum (Black Silver Titanium)"
Yuan Shen'i (Orijinal Ruh) iyileştirme ve enerjik bedenleri arındırma,Fenakit (Phenacite)
"Ezoterik bilgiye, Akakaşik kayıtlara ve içsel bilgeliğe erişim","Fenakit (Phenacite), Kuvars içinde Brukit (Brookite)"
"Telepati, psikokinezi ve kahin vizyonlarını uyandırma",Fenakit (Phenacite)
Sırt ağrısı ve vücudun kendi kendini iyileştirme gücünü optimize etme,"Kuvars içinde Brukit (Brookite in Quartz), Faden Kuvars (Faden Quartz)"
"Yoğun iç çatışmalar, acı verici deneyimler ve duygusal türbülansla başa çıkma","Faden Kuvars (Faden Quartz), Gaspeit (Gaspeite)"
"Uyumsuzlukları birleştirme, boşlukları köprüleme ve çatışmaları çözme","Faden Kuvars (Faden Quartz), Galen (Galena)"
Baş ağrısı ve migren ağrılarını hafifletir,"Siyah Gümüş Titanyum (Siyah Ametist / Black Amethyst), Bustamit (Bustamite), Fenakit (Phenacite), Faden Kuvars (Glendonite), Glendonit, Auralite-23, Siyah Ametist, Lapis Lazuli, Dumanlı Kuvars"
"Hayata karşı olumlu tutum, neşe ve iyimserlik kazandırma","Gaspeit (Gaspeite), Brezilyanit (Brazilianite), Bustamit (Bustamite), Galen (Galena)"
Öz eleştiri yapma ve hazırcevaplık yeteneğini artırma,Gaspeit (Gaspeite)
"Melankoliyi, korkuyu ve umutsuzluğu yenme","Galen (Galena), Fenakit (Phenacite)"
Sertlik ve hareketsizlik durumlarında fiziksel destek sağlama,Galen (Galena)
Hafızayı güçlendirme ve düşünceleri formüle etme,Fenakit (Phenacite - Barite)
"Utangaçlık, kaygı ve özgüven sorunlarını giderme","Fenakit (Phenacite - Barite), Brezilyanit (Brazilianite), Gaspeit (Gaspeite)"
"Kişisel gücü, yaratıcılığı ve kendini ifade etmeyi geliştirme","Brezilyanit (Brazilianite), Galen (Galena), Siyah Gümüş Titanyum (Zincite & Franklinite)"
Solar pleksus ve mide fonksiyonlarını destekleme,"Brezilyanit (Brazilianite), Gaspeit (Gaspeite)"
Öfkenin ve geçmişteki acıların serbest bırakılması,"Brezilyanit (Brazilianite), Gaspeit (Gaspeite)"
"Kadın üreme sistemini, hormon dengesini ve doğurganlığı destekler","Brezilyanit (Brazilianite), Bustamit (Bustamite), Kuvars içinde Brukit (Brookite in Quartz), Brookite"
Böbrek ve endokrin sistem sağlığını destekleme,"Brezilyanit (Brazilianite), Gaspeit (Gaspeite)"
Vücut ısısını dengeler ve yüksek ateşi düşürmeye yardımcı olur,Brezilyanit (Brazilianite)
Başkalarının manipülasyonundan kurtulma ve kişisel sınırları koruma,Brezilyanit (Brazilianite)
Bilinçaltındaki sınırlayıcı inançları aydınlatma ve temizleme,Galen (Galena)
Uyku problemlerini giderme ve sakinlik verme,"Galen (Galena), Kuvars içinde Brukit (Brookite), Faden Kuvars (Glendonite)"
Enflamasyonu (iltihabı) azaltır ve ağrıları hafifletir,"Faden Kuvars (Faden Quartz), Boji Taşları (Boji Stones)"
Mekan enerjisini optimize etme (Feng Shui),Faden Kuvars (Faden Quartz)
Göz sağlığını ve görmeyi destekleme,Kuvars içinde Brukit (Brookite in Quartz)
Beynin serebral hemisferlerini dengeleme,Kuvars içinde Brukit (Brookite in Quartz)
Dolaşım sistemini ve canlılığı iyileştirme,"Kuvars içinde Brukit (Brookite in Quartz), Bustamit (Bustamite), Galen (Galena), Faden Kuvars (Glendonite)"
Astral seyahat ve gümüş kordonu güçlendirme,"Fenakit (Phenacite), Faden Kuvars (Faden Quartz)"
Kilo verme ve metabolizmayı destekleme,Gaspeit (Gaspeite)
Eşzamanlılık ve tesadüf enerjilerini fark etme,Gaspeit (Gaspeite)
Dağınıklığı (fiziksel/duygusal) temizlemeye teşvik etme,Gaspeit (Gaspeite)
İçsel çocuk iyileşmesi ve oyunculuk duygusu,"Gaspeit (Gaspeite), Bustamit (Bustamite)"
Cinsel fonksiyon ve şehvet enerjisini uyarma,Bustamit (Bustamite)
Stres azaltma ve aidiyet duygusunu geliştirme,"Bustamit (Bustamite), Faden Kuvars (Glendonite), Siyah Gümüş Titanyum"
Kırık kemiklerin ve dişlerin iyileşmesini hızlandırma,Faden Kuvars (Glendonite/Ikaite Pseudomorph / Faden Quartz)
Bağımlılıkların bırakılmasına yardımcı olma,Galen (Galena)
"Bolluk, bereket ve maddi başarıyı çeker","Siyah Gümüş Titanyum (Black Silver Titanium), Sitrin, Yeşil Aventurin, Peridot, Pirit, Cinnabar (Zincifre), Altın, Çöl Gülü, Benitoyit (Benitoite)"
"Safra kesesi, dalak ve karaciğer fonksiyonlarını destekleme",Gaspeit (Gaspeite)
Mide bulantısı ve seyahat tutmasına karşı rahatlama sağlar,"Gaspeit (Gaspeite), Fenakit (Phenacite)"
Bedensel enerjiyi canlandırma ve fiziksel yenilenme,Altın
Manevi farkındalığı artırma ve meditasyonu güçlendirme,"Ametist, Azeztulit, Selenit"
Psişik yetenekleri ve sezgileri geliştirme,"Azurit, İyolit, Labradorit, Lapis Lazuli, Brookit"
Duygusal denge sağlama ve depresyonu hafifletme,"Kehribar (Amber), Pembe Kuvars, Krizokol"
Korunma sağlama ve negatif enerjileri uzaklaştırma,"Siyah Turmalin, Obsidyen, Jet (Oltu Taşı), Hematit"
Çakra temizliği ve hizalama,"Kalsit, Florit, Kiyanit (Siyanit), Sitrin"
Fiziksel iyileşmeyi hızlandırma ve toksin atma,"Malakit, Kan Taşı (Bloodstone), Kehribar (Amber)"
İletişim yeteneğini ve kendini ifade etmeyi güçlendirme,"Mavi Dantelli Akik, Angit (Angelite), Krizokol"
Ruhsal büyüme ve yüksek boyutlarla bağlantı,"Moldavit, Fenakit, Azeztulit, Herderit"
Korku ve fobi yönetimi,"Karnelyan (Akik), Kaplan Gözü, Çeroit"
"Lekeleme faaliyetlerini geliştirir, zihin ve beden doğurganlığını teşvik eder, karar verme süreçlerini geliştirir, gruplar arasında işbirliğini sağlar.",Deniz Kulağı (Abalone)
"Ruhu yeni yönler keşfetmeye teşvik eder, farkındalık verir, öz değer ve güç duygusunu artırır, iç denge ve sabır sağlar.",Aktinolit
"Böbrek ve karaciğer fonksiyonlarını uyarır, toksinlerin atılmasına yardımcı olur.",Aktinolit
"Yin/yang dengeler, koruma sağlar, titreşim hızını yükseltir.",Aktinolit
"Yaratıcılığı teşvik eder, kalbi korur, öz değeri güçlendirir, yaşam gücünü artırır, astral seyahatte yardımcı olur.",Ferro Aktinolit
"Kalp ve zihni harmanlar, duygusal sorunlarda içsel güç sağlar, duyguların seslendirilmesine yardımcı olur, bilinmeyene adım atma cesareti verir.",Adamit
"Zor zamanları atlatmaya yardımcı olur, kişisel gerçeği tanımayı sağlar, inançların gücünü verir.",Egrin
"Psişik yetenekleri ve iletişim becerilerini artırır, ağrıyı giderir, uykusuzluğu azaltır, rahat uykuyu teşvik eder.",Afganit
"Sorun çözümüne açıklık getirir, kendini sınırlayan inançlardan kurtulmaya yardımcı olur, sezgileri geliştirir, sinirleri yatıştırır.",Afganit
"Hayatın birçok alanında istikrar ve denge sağlar, zihinsel işlevleri iyileştirir, olumsuz duyguların üstesinden gelmeye yardımcı olur.",Akik
"Yin ve yang'ı dengeler, algıyı ve doğruluğu geliştirir, aurayı dengeler, işlevsiz enerjileri temizler.",Kayısı Akik
"İyi şans çeker, konsantrasyon ve netliği artırır, korku ve yalnızlığın üstesinden gelmeye yardımcı olur, güç ve cesaret verir.",Siyah Akik
"Artritik durumlar, iskeleti güçlendirir, bilinci genişletir, ruhsal olgunluk ve içsel uyum sağlar.",Mavi Dantel Akik
"Stresi hafifletir, huzur sağlar, olumsuzlukları etkisiz hale getirir, öz değeri artırır, Melek Alemine erişime yardımcı olur.",Mavi Fırtına Akik
"Anti-depresan etkisi gösterir, yaratıcı yeteneği teşvik eder, aurik bedene enerji verir.",Botsvana Akik
"Bolluk ve dolgunluk getirir, duygusal dengeleyicidir, stresi azaltır, sinir sistemi ve nevralji durumlarına iyi gelir.",Dendritik Akik
"Dünya enerjilerine ve fiziksel canlılığa bağlar, bağımlılıklarla mücadelede iştahı azaltır, mide, sindirim ve cilt bozukluklarına iyi gelir.",Ateş Akik
"İletişimi güçlendirir, sezgi verir, kalp ağrısı için iyidir, yaşam sevincini deneyimlemeyi öğretir.",Holly Mavi Akik
"Fiziksel ve ruhsal büyümeyi teşvik eder, yanıkların tedavisinde kullanılır, duyguları dengeler.",Montana Akik
"Yorgunluğun üstesinden gelir, vitamin ve mineral emilimine yardımcı olur, sindirim sistemini uyarır.",Turritella Akik
"Kalbimizi evrene bağlar, özsaygı ve refahı artırır, bitki ve mineral krallıkları ile iletişimi sağlar.",Yosun Akik
"Umutsuzluğu ve depresyonu hafifletir, dostluğu ve mutluluğu artırır, kalp çakrasına denge getirir.",Pembe Dantel Akik
"Sezgiye ve içsel bilişe yardımcı olur, vücudu ateşli enerjiyle doldurur, canlılığı artırır, hücreleri arındırır.",Agnitit
"Olumsuzluğu uzaklaştırır, düşünce netliğini artırır, kan temizleyici ve arındırıcıdır, kan basıncına yardımcı olur.",Turmalinli Albit
"Güven ve benlik saygısını artırır, ruhsal yeniden doğuş sağlar, doku onarımında faydalıdır.",Aleksandrit
"Yaratıcı ifadeyi geliştirir, duyguları sakinleştirir, metabolizmayı düzenler, karaciğer kramplarını azaltır.",Amazonit
"Sakinleştirici ve enerji vericidir, bilgeliği artırır, negatif enerjiyi dönüştürür, kanı iyileştirir ve vücudu arıtır.",Baltik Amber
"Aşırı hassasiyeti ve sinirleri sakinleştirir, yoğun stres ve zihinsel aktivite durumlarında faydalıdır.",Ambligonit
"Maneviyatı ve memnuniyeti öğretir, negatifleri uzaklaştırır, göz, karaciğer, akciğer ve bağırsaklara yardımcı olur.",Ametist
"Bağışıklık sistemini güçlendirir, değişime karşı direnci ortadan kaldırır, sezgiyi geliştirir.",Şevron Ametist
"Kronik ve uzun süreli hastalıklar için rahatlatıcıdır, alerjileri hafifletir, yaratıcılığı geliştirir, stresi azaltır.",Ametrin
"Vücuttaki toksinleri ve enerji bloklarını bulup temizler, hormonları dengeler.",Anhidrit
"Topraklama ve koruma sağlar, tüm bedenleri hizalar, biyo-manyetik kuvvetleri artırır.",Apache Altın
"Zekayı, hayal gücünü ve sezgisel farkındalığı artırır, kilo sorunları ve gıda alerjilerinde kullanılır.",Apatit
"Astral seyahati kolaylaştırır, rüyaların hatırlanmasına yardımcı olur, sezgisel görüşü artırır.",Apofilit
"Enerjiyi vücutta hareket ettirir, kalsiyum emilimine yardımcı olur, kas spazmlarını durdurur, adrenal bezleri besler.",Aragonit
"İç denge ve genişletilmiş farkındalık getirir, duygusal istikrar sağlar, refah ve büyüme fırsatlarını fark ettirir.",Çikolata Kalsit
"Motivasyonu artırır, güven ve coşku verir, enerji blokajlarını giderir.",Atakamit
"Uykusuzluk ve uyku bozukluklarını giderir, panik atak ve kaygıyı hafifletir, kas spazmları ve baş ağrısına iyi gelir.",Auralit 23
"İçsel denge sağlar, benlik duygusunu güçlendirir, liderlik niteliklerini ve sezgisel gücü artırır.",Aventurin
"Adrenal bez bozukluklarını tedavi eder, enerji blokajlarını çözer, ego temizliği sağlar.",Aksinit
"Üçüncü gözü aktive eder, karaciğer ve tiroid uyarıcıdır, detoksifikasyona yardımcı olur, yaratıcılığı ortaya çıkarır.",Azurit
"Fikirlerin temellenmesine yardımcı olur, planların ortaya konmasını ve fikirlerin hayata geçmesini sağlar.",Boksit
"Vücut ısısını dengeler, ateşi düşürür, istenmeyen duyguların serbest bırakılmasına yardımcı olur.",Brezilyanit
"Durgun enerjileri değiştirir, özgüveni artırır, vücudun mükemmelliğini hatırlatır.",Hematoid Kalsit
"Sırt ağrılarına iyi gelir, dişleri ve gözleri iyileştirir, doku ve kemik iyileşmesini teşvik eder.",Kalsit
Ateşi düşürür ve vücut ısısını dengeler.,Brezilyanit (Brazilianite)
Kalp Çakrasını açar ve aktive eder.,Ödiyalit
Öz sevgiyi teşvik eder.,"Ödiyalit, Ödiyalit (Eudialyte)"
Duygusal iyileşmeyi destekler.,"Ödiyalit, Ödiyalit (Eudialyte)"
Negatif duyguların salınmasına yardımcı olur.,Ödiyalit
Geçmiş yaşam hatıralarına ve ruh eşi bağlantılarına yardımcı olur.,Ödiyalit
Kişisel güçlenmeyi ve motivasyonu destekler.,Ödiyalit
Arzuların tezahür etmesine yardımcı olur.,"Ödiyalit, Ödiyalit (Eudialyte)"
Duygusal bedeni fiziksel eylemle hizalar.,Ödiyalit
Duygusal denge ve direnç sağlar.,Ödiyalit
Karar verme süreçlerine yardımcı olur.,Ödiyalit
Değişimi kabul etmeyi kolaylaştırır.,Ödiyalit
"Korku, suçluluk, öfke ve kederden kaynaklanan olumsuzlukları giderir.","Ödiyalit, Ödiyalit (Eudialyte)"
İç ve dış dünyalar arasında uyum sağlar.,Ödiyalit
Zihinsel berraklık ve içgörü sağlar.,Ödiyalit
Psişik yetenekleri ve sezgiyi geliştirir.,Ödiyalit
Ruhsal büyümeyi destekler.,Ödiyalit
Ertelemeyi ve şüpheyi aşmaya yardımcı olur.,Ödiyalit
Affetmeyi teşvik eder ve ilişkileri derinleştirir.,Ödiyalit
Tamamen aşırı yorgunluktan sonra enerji rezervlerini doldurur.,Ödiyalit (Eudialyte)
Kişisel zayıflıkları kabul etmeye yardımcı olur.,Ödiyalit (Eudialyte)
Yeni başlangıçları ve hatalardan ders çıkarmayı destekler.,Ödiyalit (Eudialyte)
Senkronisiteyi (eşzamanlılığı) artırır.,Ödiyalit (Eudialyte)
Kişinin gerçek içsel çağrısını takip etmesini destekler.,Ödiyalit (Eudialyte)
Yaratıcılığı uyarır.,Ödiyalit (Eudialyte)
Kan dolaşımı ve kalp sağlığına yardımcı olur.,Ödiyalit (Eudialyte)
Berrak düşünmeyi destekler ve zihni sakinleştirir,"Glendonit, Sarı Apatit, Gökkuşağı Florit, Manyetit, Crazy Lace Agate (Çılgın Dantel Akik), Lapis Lazuli"
Duygusal denge sağlar ve travmaları iyileştirir,"Kalsedon, Pembe Kuvars, Morganit, Unakit, Rodokrozit, Apache Tears (Apaçi Gözyaşları), Montana Agate"
Fiziksel iyileşme ve hücre yenilenmesini destekler,"Glendonit, Kehribar (Amber), Kan Taşı (Bloodstone), Seraphinite, Epidot, Yeşil Akik"
Kök çakrayı dengeler ve topraklanma sağlar,"Siyah Turmalin, Dumanlı Kuvars, Obsidyen, Hematit, Akşinit, Siyah Akik"
Duygusal denge ve ruhsal büyüme sağlama,Benitoyit (Benitoite)
Zihinsel berraklık sağlama,Benitoyit (Benitoite)
Kan bozuklukları ve solunum sorunlarını iyileştirme,Benitoyit (Benitoite)
"Dolaşım sistemi, sindirim ve metabolizmaya fayda sağlama",Benitoyit (Benitoite)
Cilt durumlarını iyileştirme,Benitoyit (Benitoite)
Yaratıcılığı artırma ve pozitif değişime ilham verme,Benitoyit (Benitoite)
Ruhsal güç verme ve manevi deneyimleri koruma,Benitoyit (Benitoite)
Boğaz çakrasını açma ve dürüst ifadeyi kolaylaştırma,Benitoyit (Benitoite)
Canlı rüyalar ve astral seyahati destekleme,Benitoyit (Benitoite)
"Konsantrasyon, bilgelik ve karar verme becerilerini geliştirme",Benitoyit (Benitoite)
Derin topraklama ve denge sağlama (Yin-Yang),Boji Taşları (Boji Stones)
Doku yenilenmesini destekleme ve yaraların iyileşmesini hızlandırma,Boji Taşları (Boji Stones)
Dolaşımı iyileştirme ve detoksifikasyon sağlama,Boji Taşları (Boji Stones)
Artrit rahatsızlığı ve sindirim sorunlarına iyi gelme,Boji Taşları (Boji Stones)
Elektromanyetik enerjileri emerek rahatlık verme,Boji Taşları (Boji Stones)
"Unutkanlık ve dalgınlığa karşı iyi gelme, hafızayı kuvvetlendirme",Boji Taşları (Boji Stones)
"Kök, sakral ve solar pleksus çakralarını dengeleme",Boji Taşları (Boji Stones)
Beynin sağ ve sol loblarını uyumlu hale getirme,Boji Taşları (Boji Stones)
Gizli yetenekleri açığa çıkarma,Boji Taşları (Boji Stones)
"Kişisel gücü, iradeyi ve tezahür gücünü artırma",Brezilyanit (Brazilianite)
Yaratıcılığı ve ilhamı geliştirme,Brezilyanit (Brazilianite)
Solar Pleksus ve Sakral çakrayı dengeleme,Brezilyanit (Brazilianite)
Öfkeyi serbest bırakma ve acı geçmişi temizleme,Brezilyanit (Brazilianite)
Özgüven ve öz saygıyı yükseltme,Brezilyanit (Brazilianite)
Bağımlı ilişkileri (kodependans) şifalandırma ve sınırlar koyma,Brezilyanit (Brazilianite)
Kadın üreme organları ve hormon üretimini destekleme,Brezilyanit (Brazilianite)
Sindirim sistemini düzenler ve besin emilimini artırır,"Brezilyanit (Brazilianite), Dravit (Kahverengi Turmalin), Dolomit (kalsiyum/magnezyum emilimi)"
"Sevgi, şefkat ve kendini sevmeyi teşvik etme",Datolit (Datolite)
Sinir sistemini sakinleştirme ve gerginliği giderme,Datolit (Datolite)
Kalp çakrasını açma ve iç huzur sağlama,Datolit (Datolite)
Sezgiyi ve ruhsal büyümeyi teşvik etme,Datolit (Datolite)
Eterik bedeni iyileştirme ve fiziksel dengeyi sağlama,Faden Kuvars (Faden Quartz)
Enflamasyonu azaltma (örneğin diş iltihabı),Faden Kuvars (Faden Quartz)
Dünya'nın enerji hareketlerine uyumlanma,Faden Kuvars (Faden Quartz)
"Güven sarsılması, ayrılık ve kayıp sonrası duygusal destek",Ödiyalit (Eudialyte)
Enerji seviyelerini yükseltme,Ödiyalit (Eudialyte)
Pankreatit ve Lupus semptomlarına yardımcı olma,Ödiyalit (Eudialyte)
Uyku problemlerini giderme ve zinde uyanmayı sağlama,Galen (Galena)
Zihin karmaşasını arındırma ve zihinsel odaklanma,Galen (Galena)
Derin topraklama ve denge,Galen (Galena)
Elektromanyetik (EMF) kirlilik ve negatif enerjiden korunma,Galen (Galena)
Bilinçaltı kalıplarını açığa çıkarma ve içsel dönüşüm,Galen (Galena)
Geçmiş yaşam hatıralarını geri çağırma,Fosfosiderit (Phosphosiderite)
Taç ve Ruh Yıldızı çakralarını açma,Fosfosiderit (Phosphosiderite)
"Stres giderme, sakinlik ve huzur sağlama",Fosfosiderit (Phosphosiderite)
Duyguları dengeleme ve ruhsal büyümeyi teşvik etme,Fosfosiderit (Phosphosiderite)
Sezgi ve psişik yetenekleri geliştirme,Fosfosiderit (Phosphosiderite)
Üçüncü Göz çakrasını aktive etme,Fosfosiderit (Phosphosiderite)
"Görselleştirme, hayal gücü ve berrak rüya görme",Girasol Opal / Sütlü Kuvars
Metabolik bozukluklar (diyabet) ve kronik yorgunluğa yardımcı olma,Girasol Opal / Sütlü Kuvars
"Yaratıcılığı, neşeyi ve mutluluğu teşvik etme",Girasol Opal / Sütlü Kuvars
Kişiyi sinir ve stresten koruma (Rahatlama taşı),His Taşı
Duyguların ön plana çıkmasına yardımcı olma,His Taşı
Cesareti artırır,"Aurichalcite, Kan Taşı (Bloodstone), Witches Fingers, Tiger Iron, Rhodochrosite, Sardonyx"
İçsel uyumu ve kişisel özgürlüğü teşvik eder,Aurichalcite
Yaratıcılığı ve özgün düşünceyi destekler,"Aurichalcite, Heliodor, Picasso Marble, Yellow Apatite, Sunstone"
Korku ve endişeyi serbest bırakmaya yardımcı olur,"Aurichalcite, Kaplan Gözü (Tigers Eye), Staurolite, Witches Finger Quartz, Siyah Yeşim (Black Jade), Rhodonite, Etiyopya Opali"
Dolaşım sorunlarının iyileşmesine yardımcı olur,Aurichalcite
Stres ve depresyonu hafifletir,"Aurichalcite, Lepidolite, Lithium Quartz, Kunzite, Pembe Turmalin, Amblygonite, Holmquistite, Variscite"
Işık bedeni (Light Body) aktivasyonu sağlar,Azozeo Azeztulite
Hücrelere yaşam gücü (chi) aşılar,Azozeo Azeztulite
Karma çözümü ve geçmiş yaşam anılarını açar,Azozeo Azeztulite
Fiziksel ve zihinsel restorasyon (yeniden enerji verme),Benitoyit (Benitoite)
Kan bozukluklarına yardımcı olur,Benitoyit (Benitoite)
Duyguları sakinleştirir ve zihni netleştirir,"Benitoyit (Benitoite), Girasol Kuvars"
Üçüncü göz çakrasını dengeler ve açar,"Benitoyit (Benitoite), Aurichalcite, Vivianite, Kammererite, Diaspore, Novaculite"
Göz sağlığını ve görme yetisini destekler,Brookite
Kök çakrayı uyarır ve topraklama sağlar,"Dalmaçyalı Jasper, Brookite, Dolomit, Dravit (Kahverengi Turmalin)"
Migren gibi ağrıları hafifletir,"Dolomit, Bustamite"
Bağımlılıkların ve zararlı alışkanlıkların bırakılmasına yardımcı olur,"Dravit (Kahverengi Turmalin), Aegirine, Astrophyllite, Amethyst, Unakite, Smithsonite, Dalmaçya Taşı"
"Karaciğer, dalak ve safra kesesi sağlığını destekler",Jasper
Radyasyonu ve çevresel kirleticileri detoksifiye eder,Jasper
İletişim becerilerini geliştirir ve gerçeği konuşmayı sağlar,Girasol Kuvars
Metabolizmayı destekler ve kilo vermeye yardımcı olur,Gaspeite
Öz saygıyı ve öz sevgiyi artırır,"Dravit, Erythrite"
Negatif enerjiden arınma ve koruma sağlar.,"Aegirine (Akmite), Siyah Turmalin, Selenit"
Öz-sevgi ve takdir eksikliğini giderir.,"Aegirine (Akmite), Roze Kuvars, Dolomit"
Zihinsel sağlık ve berraklığı artırır.,"Aegirine (Akmite), Pyrit, Enstatite"
Bağımlılıklarla mücadele etmeye yardımcı olur.,Aegirine (Akmite)
Tüm çakraları harekete geçirir ve hizalar.,"Aegirine (Akmite), Moldavit, Kuvars Kristali"
Beden imgesi sorunları ve utanç duygusunu yenmeye yardımcı olur.,Aegirine (Akmite)
Elektromanyetik alanlara (radyasyon) karşı koruma sağlar.,"Aegirine (Akmite), Siyah Turmalin, Shungite, Amazonite, Flint, Fulgurite, Bustamite"
Vücudun kendi kendini iyileştirme yeteneğini ve bağışıklık sistemini güçlendirir.,"Aegirine (Akmite), Bustamite"
"Karaciğer, dalak ve safra kesesi fonksiyonlarını destekler.",Aegirine (Akmite)
Kas ağrıları ve sırt ağrılarını hafifletir.,"Aegirine (Akmite), Bustamite"
Depresyon ve umutsuzlukla başa çıkmaya yardımcı olur.,"Aegirine (Akmite), Varisit, Bustamite"
Kök Çakrayı (Muladhara) aktif hale getirir ve dengeler.,"Aegirine (Akmite), Kırmızı Jasper, Hematit, Siyah Turmalin, Obsidyen, Dumanlı Kuvars, Glendonite, Erythrite, Eudialyte, Enstatite"
Ruhsal iletişimi ve sezgileri güçlendirir.,"Aqua Aura Kuvars, Ay Taşı, Azurit, Enstatite, Bustamite"
Boğaz Çakrasını dengeler; net iletişimi ve kendini ifade etmeyi destekler.,"Aqua Aura Kuvars, Mavi Danburit, Sodalit, Akuamarin, Turkuaz, Mavi Kalsit, Erythrite, Enstatite"
Duygusal iyileşmeyi sağlar; sevgi ve şefkat duygularını teşvik eder.,"Atlantisit, Stichtite, Roze Kuvars, Rodokrozit, Rodonit, Erythrite, Eudialyte, Enstatite"
Kalp Çakrasını dengeler ve iyileştirir.,"Atlantisit, Roze Kuvars, Yeşil Aventurin, Rodokrozit, Yeşim (Jade), Malahit, Rodonit, Aurichalcite, Brazilianite, Bustamite, Eudialyte, Enstatite"
Metabolik sistemi iyileştirir.,"Aegirine (Akmite), Red Beryl (Bixbite)"
Üçüncü Göz Çakrasını aktif hale getirir.,"Aqua Aura Kuvars, Ametist, Lapis Lazuli, Sodalit, Labradorite, Azurit, Benitoite, Enstatite"
"Bolluk, bereket ve başarı çeker.","Sitrin, Yeşim (Jade), Brazilianite, Golden Enstatite"
Stres ve anksiyeteyi azaltır.,"Aegirine (Akmite), Dumanlı Kuvars, Mavi Danburit, Bustamite, Dolomit"
Kan dolaşımını ve kan hücresi oluşumunu destekler.,"Kırmızı Jasper, Bustamite, Erythrite, Eudialyte, Red Beryl (Bixbite)"
Solar Pleksus Çakrasını dengeler; özgüven ve irade sağlar.,"Sitrin, Sarı Jasper, Kaplan Gözü, Amber, Pyrit, Brazilianite, Enstatite"
Taç Çakrasını aktif hale getirir; ilahi bağlantı ve ruhsal uyanış sağlar.,"Atlantisit, Kuvars Kristali, Ametist, Selenit, Beyaz Howlit, Apoflit, Phenacite (Phenakite), Enstatite"
Sakral Çakrayı dengeler; yaratıcılık ve cinsel enerjiyi artırır.,"Karnelyan, Turuncu Kalsit, Ay Taşı, Sitrin, Mercan, Glendonite, Eudialyte, Enstatite"
Hafıza kaybı ve odaklanma sorunlarına yardımcı olur.,"Bustamite, Enstatite"
Cilt rahatsızlıklarının tedavisine yardımcı olur.,"Bustamite, Erythrite"
Kemik ve kemik iliği sağlığını destekler.,"Aegirine (Akmite), Bustamite, Erythrite, Red Beryl (Bixbite)"
"Solunum yolu problemlerine (astım, bronşit) iyi gelir.","Bustamite, Red Beryl (Bixbite)"
Hormon dengesini ve üreme sistemini destekler.,"Ay Taşı, Bustamite, Red Beryl (Bixbite)"
Kalsiyum metabolizmasını dengelemeye yardımcı olur.,Dolomit
Aura korunması ve negatif enerjilerin temizlenmesi,Aegirine
Kişisel güç ve özgüvenin artırılması,Aegirine
Kök Çakra (Root Chakra) dengeleme ve topraklama,"Aegirine, Galena, Siyah Turmalin, Dravit"
Solar Pleksus Çakra aktivasyonu,"Aegirine, Yeşil Turmalin, Sarı Turmalin"
Fiziksel enerji ve dayanıklılığın (stamina) artırılması,Aegirine
"Karaciğer, dalak ve safra kesesi desteği",Aegirine
Kas ağrıları ve sırt ağrılarının hafifletilmesi,Aegirine
Duygusal iyileşme ve geçmiş hayat anılarının hatırlanması,Atlantisite
Kalp ve akciğer sağlığı; diyabet ve kan bozuklukları tedavisi,Atlantisite
Kundalini enerjisinin aktivasyonu,"Aegirine, Atlantisite"
Boğaz Çakrası (Throat Chakra) ile iletişim kanallarının açılması,"Aurichalcite, Barite, Mavi Turmalin, Paraiba Turmalin"
Hücresel düzeyde vibrasyon ve kanser tedavisi süreçlerinde bedensel baskıyı azaltma,Azeztulit
EMF radyasyonundan korunma,"Aegirine, Azeztulit, Brookite, Galena, Siyah Turmalin"
Üçüncü Göz Çakrası (Third Eye Chakra) ve sezgilerin güçlendirilmesi,"Barite, Brookite, Fosfosiderit, Mavi Turmalin, Polikrom Turmalin"
Dolaşım sistemi sorunları ve ameliyat sonrası hızlı iyileşme,Brookite
Kalp Çakrası (Heart Chakra) temizliği ve blokajların kaldırılması,"Bustamite, Atlantisite, Pembe Turmalin, Yeşil Turmalin, Karpuz Turmalin"
Lüsid rüya ve rüya yorumlama,Bustamite
"Çocukluk neşesi, öfke salınımı ve oyunculuk",Dalmaçya Taşı (Dalmatian Jasper)
Bağışıklık sisteminin güçlendirilmesi,"Erythrite, Dalmaçya Taşı, Fosfosiderit"
Evcil hayvanların (özellikle köpeklerin) eğitimi ve şifalanması,Dalmaçya Taşı
"Stres, anksiyete ve uykusuzluk (insomnia) giderme","Erythrite, Fosfosiderit, Girasol Kuvars, Ametist"
Sinir sistemi rejenerasyonu ve travma sonrası stres bozukluğu (PTSD),Faden Kuvars
"Bolluk, bereket ve şans çekme","Atlantisite, Sitrin, Yeşil Turmalin"
Taç Çakra (Crown Chakra) ve maneviyatla bağlantı,"Barite, Brookite, Faden Kuvars, Aşçerit (Achroite)"
Duygusal dengesizlik veya sıkıntı anlarında yardımcı olur,Melek Aura Kuvars (Angel Aura Quartz)
"Ortamları neşe, mutluluk ve canlandırıcı enerjiyle doldurur",Melek Aura Kuvars (Angel Aura Quartz)
Aura etrafında koruyucu bir kalkan sağlar,Melek Aura Kuvars (Angel Aura Quartz)
"İç huzuru, zihinsel berraklık ve yüksek zeka sağlar",Melek Aura Kuvars (Angel Aura Quartz)
Zihinsel sisi temizler,Melek Aura Kuvars (Angel Aura Quartz)
Yaşamın dönüşümüne ve harekete geçmeye yardımcı olur,Melek Aura Kuvars (Angel Aura Quartz)
Hedefleri ve hayalleri kontrol altında tutmaya yardımcı olur,Melek Aura Kuvars (Angel Aura Quartz)
Kaygı ve stres giderme,"Melek Aura Kuvars (Angel Aura Quartz), Barit"
Ruhsal uyanış ve spiritüel gelişim,"Melek Aura Kuvars (Angel Aura Quartz), Atlantisite, Aura Kuvars, Benitoit, Dravit"
Öz şifa (Self-healing),"Melek Aura Kuvars (Angel Aura Quartz), Eritrit (Erythrite)"
Empati ve duygusal anlama,"Melek Aura Kuvars (Angel Aura Quartz), Glendonit"
Rehberlerle ve meleklerle iletişim,"Melek Aura Kuvars (Angel Aura Quartz), Fenakit"
Eski yaraların iyileştirilmesi ve duygusal arınma,"Atlantisite, Aura Kuvars, Dravit, Fosfosiderit"
Geçmiş yaşamlarla bağlantı kurma,Atlantisite
Negatif enerjilere karşı koruma,"Atlantisite, Aura Kuvars, Dravit, Galen (Galena)"
Affetme sürecini destekleme,"Atlantisite, Dravit"
Topraklanma ve gerçeklikle bağlantı,"Atlantisite, Barit, Dravit, Galen (Galena), Franklinite"
İçsel blokajların ve bastırılmış duyguların çözülmesi,"Aura Kuvars, Fosfosiderit"
Yaratıcılık ve ilhamı artırma,"Aura Kuvars, Aurichalcite, Dravit, Dalmaçyalı Jasper"
Neşe ve canlılık verme,"Altın Aura Kuvars, Dalmaçyalı Jasper"
İletişim becerilerini geliştirme ve kendini ifade etme,"Aura Kuvars, Aurichalcite, Barit, Eritrit (Erythrite)"
İstenmeyen alışkanlıkları ve bağımlılıkları bırakma,"Aurichalcite, Barit, Dravit"
Zihinsel netlik ve odaklanma,"Aurichalcite, Barit, Benitoit, Jasper"
Özgüven ve kararlılık kazandırma,"Barit, Dravit, Dalmaçyalı Jasper"
Toksinlerin vücuttan atılması (Detoks),"Barit, Dravit, Jasper"
Kronik yorgunluk ve bitkinliğe iyi gelme,"Barit, Dravit, Fosfosiderit"
Göz sağlığını destekleme,Barit
Radyasyona karşı koruma,"Barit, Jasper"
Rüyaları hatırlama ve iç vizyonu güçlendirme,"Barit, Benitoit, Fenakit"
Astral seyahat desteği,Barit
Zihinsel yorgunluğa karşı destek ve tazelik,Galen (Galena)
Kırık kemiklerin iyileşmesi ve kemik sağlığı,"Glendonit, Fosfosiderit"
Migren ve baş ağrılarını hafifletme,"Fenakit, Glendonit, Fosfosiderit"
"Karaciğer, dalak ve böbrek sağlığını destekleme",Jasper
Fiziksel dayanıklılık ve atletik performans,Jasper
Motivasyon ve eyleme geçme enerjisi,Zincit (Zincite)
"Karaciğer, dalak, safra kesesi ve sindirim sistemi sorunlarını tedavi eder","Angel Aura Kuvars, Gaspeite"
Aura temizleyici olarak çalışır,"Angel Aura Kuvars, Aqua Aura Kuvars, Dravit, Faden Kuvars, Franklinite"
Bağışıklık sistemini güçlendirir,"Aqua Aura Kuvars, Azeztulit, Barit, Dalmatian Jasper, Dravit, Galen, Aktinolit, Ametrin, Kalsit, Krizoberil, Dioptaz, Kambaba Jasper, Lapis Lazuli, Pirit, Ryolit, Çinko Taşı, Aegirine, Agrellit, Ağaç Akik, Krokoit, Lemurya Yeşimi, Milibdenit, Okyanus Jasperı, Tanzine Aura Kuvars, Hücre Benzeri Desenli Akik, Kırmızı Kalsit, Portakal Karnelyan, Haşhaş Jasper, Bakır Kalsedon, Krizopraz, Yeşil Florit, Pollusit, Sardonyx, Safir, Larimar, Okenit, Selestobarit, Mıknatıs Taşı (Manyetit), Selenit, Titanit (Sfen), Aktinolit (Actinolite), Ametrin (Ametrine), Apatit (Apatite), Sarı Safir (Pukhraj), Yeşil Diopsit, Morion Kuvars, Que Sera (Llanite)"
Tiroid ve timüs bezini destekler,Aqua Aura Kuvars
Kalp ve vücudu detoksifiye eder,"Atlantisit (Stichtit), Dalmatian Jasper, Galen"
Duygusal dengeyi güçlendirir ve sevgi enerjisini artırır,"Atlantisit, Beril, Dolomit, Eudialyte, Fosfosiderit"
Yaratıcılığı ve ilhamı teşvik eder,"Atlantisit, Beril, Bixbite (Kırmızı Beril), Dolomit, Dravit, Eudialyte"
"Stres, kaygı ve iç huzursuzluğu giderir","Azeztulit, Barit, Beril, Bixbite, Dalmatian Jasper, Dolomit, Dravit, Fosfosiderit"
Uyku sırasında rüyaları hatırlamaya yardımcı olur,"Barit, Bustamite, Girasol Kuvars"
Topraklama sağlayarak enerjiyi dengeler,"Barit, Boji Taşı, Dalmatian Jasper, Dravit, Galen"
Psikolojik engellerin ve geçmiş travmaların aşılmasını sağlar,"Boji Taşı, Bustamite, Datolite, Eudialyte, Fosfosiderit, Gaspeite"
Zihinsel netlik ve odaklanmayı artırır,"Barit, Beril, Boji Taşı, Datolite, Dolomit, Franklinite, Galen, Girasol Kuvars, Sarı Safir (Pukhraj), Zirkon"
Üreme sistemi sağlığını ve cinsel fonksiyonları destekler,"Dolomit, Dravit, Franklinite"
Fiziksel canlılığı ve dayanıklılığı artırır,"Bixbite (Kırmızı Beril), Dolomit, Dravite, Franklinite, Girasol Kuvars"
Bilinçaltını temizlemeye yardımcı olur,"Barit, Galen"
Telepatik aktiviteleri ve psişik yetenekleri geliştirir,"Azeztulit, Benitoyit, Dravit, Faden Kuvars, Fenasit"
Astral seyahat ve boyutlar arası yolculuk için rehberlik eder,"Barit, Datolite, Faden Kuvars, Fenasit"
"Bağımlılıkların (alkol, uyuşturucu vb.) üstesinden gelmeye yardımcı olur","Aegirine, Barit, Dravit, Galen"
"Psişik yetenekleri, sezgileri ve ruhsal farkındalığı geliştirir.","Adamite (Adamit), Rhodizite (Rodizit), Sphalerite (Sfalerit)"
Duygusal dengeyi korur ve iç huzur sağlar.,"Adamite (Adamit), Titanite (Titanit/Sfen)"
Duygusal netlik ve zihinsel bütünlük sağlar.,Adamite (Adamit)
İletişim becerilerini geliştirir ve kendini ifade etmeyi destekler.,Adamite (Adamit)
"Yaşam enerjisini, neşeyi ve pozitifliği artırır.","Adamite (Adamit), Rhodizite (Rodizit), Sphalerite (Sfalerit)"
"Zihinsel netlik, odaklanma ve karar verme süreçlerini destekler.","Adamite (Adamit), Safir, Sphalerite (Sfalerit), Titanite (Titanit/Sfen)"
Yaratıcılığı ve gelecek vizyonunu güçlendirir.,Adamite (Adamit)
"Bolluk, bereket, şans ve iş başarısı getirir.","Adamite (Adamit), Rhodizite (Rodizit), Shiva Lingam, Titanite (Titanit/Sfen)"
Vücut sistemlerini ve organ sağlığını bütünsel olarak destekler.,Adamite (Adamit)
"Depresyon, anksiyete ve duygusal dengesizlikleri hafifletir.",Adamite (Adamit)
Enerjiyi odaklayarak şifa süreçlerini hızlandırır.,Aegirine (Egirin)
Kişisel farkındalığı ve dürüstlüğü artırır.,Aegirine (Egirin)
Ruhsal gelişim ve karmik temizlik süreçlerini destekler.,Aegirine (Egirin)
"Negatif enerjilerden, psişik saldırılardan ve elektromanyetik kirlilikten korur.","Aegirine (Egirin), Rhodizite (Rodizit), Shiva Lingam, Sphalerite (Sfalerit), Amazonit, Aventurin, Florit, Jasper, Shungite, Siyah Turmalin, Lepidolit, Pirit, Amblygonit, Covellite, Hackmanite, Mika, Morion Kuvarsı, Orgonit, Ouro Verde Kuvars, Siyah Kuvars, Blizzard Taşı, Galen, Şungit, Kuvars, Que Sera Taşı, Llanit"
Enerji alanını (aura) temizler ve onarır.,Aegirine (Egirin)
"Özgüven, öz değer ve kişisel gücü artırır.","Aegirine (Egirin), Rhodizite (Rodizit), Sphalerite (Sfalerit), Titanite (Titanit)"
Zihinsel netlik sağlar ve pozitif düşünmeyi teşvik eder.,Aegirine (Egirin)
Özgür iradeyi ve kişisel dürüstlüğü güçlendirir.,"Aegirine (Egirin), Titanite (Titanit)"
İlişkileri şifalandırır ve duygusal bağları güçlendirir.,"Aegirine (Egirin), Titanite (Titanit)"
Duygusal travmaları ve enerji blokajlarını şifalandırır.,Aegirine (Egirin)
Vücudun doğal şifa kapasitesini ve enerji seviyesini artırır.,"Aegirine (Egirin), Rhodizite (Rodizit), Titanite (Titanit)"
Metabolizmayı düzenler ve iç organ sağlığını destekler.,Aegirine (Egirin)
"Kas, eklem ağrılarını hafifletir ve detoksifikasyonu destekler.","Aegirine (Egirin), Titanite (Titanit/Sfen)"
Kundalini enerjisini aktive eder ve ruhsal yükselişi destekler.,Shiva Lingam
Cinsel enerjiyi ruhsal gelişimle bütünleştirir.,Shiva Lingam
Eril ve dişil enerjileri dengeleyerek içsel uyum sağlar.,"Shiva Lingam, Sphalerite (Sfalerit)"
"Cinsel sağlığı, tutkuyu ve üreme enerjisini artırır.","Shiva Lingam, Sphalerite (Sfalerit)"
Psikolojik farkındalık sağlar ve negatif alışkanlıkları dönüştürür.,Shiva Lingam
Duygusal travmaları ve geçmişten gelen yaraları şifalandırır.,Shiva Lingam
Eril enerjiyi ve özgüveni güçlendirir.,Shiva Lingam
Eterik bağları keser ve enerjisel temizlik sağlar.,Shiva Lingam
Dişil enerjiyi ve kadınlık gücünü destekler.,Shiva Lingam
"Üreme sağlığını, doğurganlığı ve hormonal dengeyi destekler.",Shiva Lingam
Vücuttaki enerji akışını ve meridyenleri uyarır.,Shiva Lingam
Zihinsel berraklık sağlar ve aidiyet hissini güçlendirir.,Sphalerite (Sfalerit)
Sinir sistemini sakinleştirir ve destekler.,"Safir, Sphalerite (Sfalerit)"
Gerçeği algılama ve ayırt etme yeteneğini güçlendirir.,Sphalerite (Sfalerit)
Kişisel koruma sağlar ve negatif etkilerden uzak tutar.,Sphalerite (Sfalerit)
Topraklanma sağlar ve dünyaya aidiyet hissini güçlendirir.,"Sphalerite (Sfalerit), Titanite (Titanit/Sfen)"
Enerjisel ve eterik düzeyde derin şifa sağlar.,Titanite (Titanit/Sfen)
Duygusal ve ruhsal geçiş süreçlerinde denge sağlar.,Titanite (Titanit/Sfen)
Sezgileri güçlendirir ve yaratıcılığı besler.,"Shiva Lingam, Sphalerite (Sfalerit), Titanite (Titanit/Sfen)"
Kalp çakrasını açar ve duygusal denge sağlar.,Titanite (Titanit/Sfen)
Negatif enerjiyi temizler ve bütünsel şifa sağlar.,Titanite (Titanit/Sfen)
Bağışıklık sistemini güçlendirir ve vücut direncini artırır.,"Rhodizite (Rodizit), Safir, Sphalerite (Sfalerit), Titanite (Titanit/Sfen)"
Ruhsal engelleri kaldırır ve enerji akışını sağlar.,Rhodizite (Rodizit)
"Beden, zihin ve ruh bütünlüğü sağlayarak farkındalığı artırır.",Rhodizite (Rodizit)
Rüya hatırlamayı ve vizyoner yetenekleri destekler.,Rhodizite (Rodizit)
Fiziksel travmaların iyileşme sürecini destekler.,Rhodizite (Rodizit)
"Stres, anksiyete ve duygusal gerginliği azaltır.","Rhodizite (Rodizit), Sphalerite (Sfalerit), Angelit (Angelite), Ajoit (Ajoite), Amazonit (Amazonite)"
Karaciğer ve böbrek fonksiyonlarını destekleyerek temizler.,"Rhodizite (Rodizit), Safir, Sphalerite (Sfalerit)"
Zihni sakinleştirir ve meditasyon derinliğini artırır.,Rhodizite (Rodizit)
Beyin fonksiyonlarını destekler ve zihinsel istikrar sağlar.,Rhodizite (Rodizit)
Vücut dengesini sağlar ve iltihaplanmayı azaltır.,Rhodizite (Rodizit)
"Canlılık, fiziksel güç ve topraklanma sağlar.","Shiva Lingam, Sphalerite (Sfalerit)"
Algıları keskinleştirir ve doğru karar vermeyi sağlar.,Sphalerite (Sfalerit)
Fiziksel dayanıklılığı ve enerji seviyesini artırır.,Sphalerite (Sfalerit)
Vücudu enfeksiyonlara karşı korur ve iyileşmeyi destekler.,Sphalerite (Sfalerit)
Depresyonu ve negatif duyguları hafifletir.,Shiva Lingam
Solunum yollarını destekler ve kan sağlığını iyileştirir.,Shiva Lingam
"Özgüven, motivasyon ve kararlılık sağlar.","Rhodizite (Rodizit), Shiva Lingam, Sphalerite (Sfalerit)"
Çakraları dengeler ve ruhsal bilinci yükseltir.,"Rhodizite (Rodizit), Titanite (Sfen / Sphene)"
Ruhsal rehberliği ve evrensel bilgiye erişimi destekler.,"Rhodizite (Rodizit), Titanite (Sfen / Sphene)"
Zaman ötesi farkındalık ve ruhsal hafızayı güçlendirir.,Titanite (Sfen / Sphene)
Kritik hastalık süreçlerinde ruhsal destek ve iç huzur sağlar.,Rhodizite (Rodizit)
Hücresel düzeyde fiziksel ve enerjik iyileşme sağlar.,"Rhodizite (Rodizit), Sphalerite (Sfalerit), Astroﬁlit, Florit, Fulgurit, Kambaba Jasper, Rutilatlı Kuvars, Zirkon, Aegirine, Agrellit, Akik, Ammolit, Annabergit, Ametist, Bustamit, Cacoxenite, Cavansite, Çilek Kuvarsı, Dumortierit, Eilat Taşı, Epidot, Faden Kuvars, Fenster Kuvars, Grönlandit, Halit, Hanksit, Hemimorphit, Heulandite, İncir Kalsiti, Kakortokit, Kasiterit, Labradorit, Leopar Desenli Jasper, Limonit, Nuummit, Okyanus Jasperı, Prazolit, Rutile, Septarian, Sitrin, Spirit Kuvars, Tanzanit, Turmalin Kuvars, Azeztulite, Hematit, Que Sera, Kan Taşı, Kalsedon"
Astral seyahat ve ruhsal yolculukları destekler.,Rhodizite (Rodizit)
Zihinsel ve ruhsal dengeyi korur.,Sphalerite (Sfalerit)
Negatif düşünce kalıplarını kırar ve zihni özgürleştirir.,Sphalerite (Sfalerit)
Kadim bilgeliği ve şamanik yolculukları destekler.,Shiva Lingam
Ruhsal rehberlerle ve içsel doğayla iletişimi güçlendirir.,Shiva Lingam
Kalp sağlığını destekler ve kan dolaşımını düzenler.,"Shiva Lingam, Kayısı Akiği, Kan Akiği, Turuncu Aventurin Kuvars, Kırmızı Aventurin Kuvars, Purpurit, Paraiba Kuvarsı, Mıknatıs Taşı (Manyetit), Pembe Natrolit, Que Sera (Llanit), Hematit, Okyanus Jasperı, Melanit, Safir, Dendritik Akik, Kan Taşı, Jasper, Yakut-Zoisit"
Göz sağlığını iyileştirir ve görme yetisini destekler.,"Rhodizite (Rodizit), Safir, Sphalerite (Sfalerit)"
Baş ağrısı ve migreni hafifletir.,"Rhodizite (Rodizit), Safir"
Sindirim sistemini düzenler ve mide rahatsızlıklarına iyi gelir.,"Rhodizite (Rodizit), Safir"
Sezgileri keskinleştirir ve içsel bilgeliği artırır.,"Safir, Sphalerite (Sfalerit)"
Tiroid fonksiyonlarını düzenler ve boğaz sağlığını destekler.,Safir
Duyu organlarının sağlığını ve işitme yetisini destekler.,Safir
Vücudun enerji seviyesini ve aurasını güçlendirir.,"Sphalerite (Sfalerit), Titanite (Titanit)"
İrade gücünü ve kararlılığı artırır.,Rhodizite (Rodizit)
"Özgüven, kişisel güç ve cesareti artırır.","Rhodizite (Rodizit), Sphalerite (Sfalerit)"
Kronik rahatsızlıkların iyileşme sürecine destek sağlar.,Rhodizite (Rodizit)
Kan sağlığını destekler ve hücrelere oksijen taşınmasını kolaylaştırır.,Sphalerite (Sfalerit)
Duyu organlarının fonksiyonlarını ve algısını güçlendirir.,Sphalerite (Sfalerit)
Ortamdaki negatif enerjiyi temizler ve huzur sağlar.,Shiva Lingam
"Affetme, hoşgörü ve duygusal özgürleşme sağlar.",Shiva Lingam
Kemik ve iskelet sistemi sağlığını destekler.,Shiva Lingam
"Zihinsel kapasiteyi, zekayı ve öğrenmeyi destekler.",Titanite (Titanit/Sfen)
Kemik ve diş yapısını güçlendirir.,Titanite (Titanit/Sfen)
Solunum yollarını destekler ve sinüsleri rahatlatır.,Titanite (Titanit/Sfen)
İletişim becerilerini geliştirir ve topluluk önünde kendini ifade etmeyi kolaylaştırır.,Titanite (Titanit/Sfen)
Vücudu toksinlerden arındırır ve detoksifikasyon sürecini destekler.,"Abalon Kabuğu, Aktinolit, Akik, Ametrin, Sarı Apatit, Kan Taşı, Mavi Barit, Krizopras, Florit, İyolit, Kalsit, Shungite, Petriﬁye Odun, Zebra Taşı, Aktinolitli Kuvars, Dendritli Akik (Yosunlu Akik), Yeşil Kalsit, Ofikalsit, Zinober Opali, Kükürt, Vanadyum Beril, Yeşil Aventurin Kuvars, Yeşil Turmalin, Azurit-Malakit, Eilat Taşı, Purpurit, Zeolit Grubu (Pumpellyit), Polusit, Nuummit, Melanit, Lal, Turmalin, Jasper, Selestobarit, Kovellit, Leopar Derisi Jasper, Serafinit, Manahshila (Realgar)"
Sindirim sistemi ve bağırsak rahatsızlıklarına iyi gelir,"Akik, Kalsit, Karnelyan, Krizokolla, Jasper, Peridot, Turmalin, Amblygonit, Ametist, Ateş Akati, Barit, Bustamit, Halit, Hanksit, Kasiterit, Libyen Gold Tektit, Limonit, Okyanus Jasperı, Prazolit, Quantum Quattro, Sitrin, Mide Benzeri Desenli Akik, Kayısı Akiği, Kan Akiği, Çizgili Aragonit-Kalsit (Oniks Mermeri), Sarı Safir (Pukhraj), Pembe Topaz, Piromorfit, Pirofillit, Moki Bilyeleri (Shaman Stones), Okenit, Natrolit"
Böbrek rahatsızlıklarını tedavi eder,"Yeşim, Nefrit, Aktinolit, Brezilyanit, Cavansite, Conichalcite, Diopside, Eilat Taşı, Heulandite, Kan Taşı, Libyen Gold Tektit, Nuummit, Okyanus Jasperı, Tanzanit, Aejirin-Ojit, Anidrit (Angelit), Antofilit, Biyotit Mercekleri, Krom Diyopsit, Opal, Safir, Natrolit, Sfalerit"
Karaciğer rahatsızlıklarına yardımcı olur,"Aegirine, Aktinolit, Alexandrite, Dendritik Kalsedon, Eilat Taşı, Epidot, Gaspeit, Girasol, Kakortokit, Lepidokrosit, Limonit, Okyanus Jasperı, Prazolit, Siyah Kiyanit, Zirkon, Turuncu Aventurin Kuvars, Azurit, Azurit-Malakit, Mıknatıs Taşı (Lodestone), Melanit, Sfalerit"
Cilt hastalıklarına ve yaralara iyi gelir,"Akik, Kehribar, Ametist, Aragonit, Azurit, Florit, Galenit, Selenit, Ağaç Akik, Başmelek Aura Kuvars, Epidot, Erythrite, Hanksit, Mistik Topaz, Novaculite, Siyah Akik, Spirit Kuvars, Stichtite, Uranophane, Vivianit, Wavellite, Yılan Derisi Akik, Yara İzi Görüntülü Akik, Cilt Benzeri Desenli Akik, Albit, Alunit, Kalsit, Kar Tanesi Obsidiyen, Deniz Fosili Jasper, Serafinit, Mıknatıs Taşı (Manyetit), Riyolit, Realgar"
Kemik ve iskelet sistemini güçlendirir,"Apatit, Aragonit, Kalsit, Florit, Hematit, Manyetit, Ay Taşı, Selenit, Aegirine, Amblygonit, Bixbite, Clevelandite, Creedite, Dalmatian Taşı, Diopside, Eilat Taşı, Erythrite, Hemimorphit, Lazulite, Magnezit, Siyah Kuvars, Tiffany Taşı, Zebra Taşı, Zirkon, Mavi Dantel Akik, Dendritik Akik, Kar Tanesi Obsidiyen, Sardonyx, Mamut Fildişi, Siderit, Melanit, Seruzit, Larimar"
"Uyku kalitesini artırır, uykusuzluk ve kabusları önler.","Ametist, Kan Taşı, Dumortierit, Havlit, Lapis Lazuli, Ay Taşı, Selenit, Leonberg Alabasterı, Afganit, Auralite 23, Yıldız Mika, Malakit, Yakut-Fuksit, Skolesit, Zirkon, Mavi Turmalin, Hematit, Lityum Kuvars, Purpurit, Safir, İnci, Meteor Taşı (Göktaşı), Serüzit, Selestobarit, Nuummite"
Hormonal sistemi ve salgı bezlerini dengeler,"Adamit, Kehribar, Angelyit, Anhidrit, Azurit, Mavi Kalsit, Mavi Dantelli Akik, Krizokolla, Lapis Lazuli, Kiyanit, Alexandrite, Amblygonit, Ametist, Astrophyllite, Aytaşı, Bustamit, Cacoxenite, Heulandite, Mavi Phantom, Quantum Quattro, Tanzine Aura Kuvars, Yıldız Akik, Su Akiği (Enhydro), Kassiterit, Sugilit, Mor Florit, Şahin Gözü, Melanit, Natrolit, Rodizit, Shiva Lingam, Mıknatıs Taşı (Lodestone), Larimar, Kaya Kristali (Kuvars)"
"Özgüven, özdeğer ve cesareti artırır","Aktinolit, Ametrin, Andesin, Azurit, Sitrin, Akik, Labradorit, Ay Taşı, Rodonit, Kırmızı Kalsit, Kaplan Gözü, Karnelyan, Jasper, Safir, Nuummit, Piromorfit, Moqui Mermeri (Şaman Taşı), Selestobarit, Melanit, Rodizit, Siyah Jasper, Şifacı Altını, Hematoit Kalsit, Sarı Kalsit, Lapis Lazuli, Leopardit, Çok Renkli Turmalin, Zirkon"
"Yaratıcılığı, hayal gücünü ve sanatsal ifadeyi artırır.","Ajoit, Ametrine, Ammonit, Aventurin, Azurit, Florit, Krizokolla, Labradotit, Ferro Aktinolit, Botswana Akiği, Kopal Kehribar, Apatit, Mavi Aventurin, Dolomit, Dumortierit, Cowrie Kabuğu, Krokoit, Manyezit, Siyah Obsidiyen, Okyanus Jasperı, Haşhaş Jasper, Portakal Kuvars, Stilbit, Yakut, Sfen, Sfalerit, Turmalin, Prazolit, Vanadinit, Opal, Jasper, Sitrin, Nuummit, Natrolit, Purpurit, Serandit"
"Zihinsel netlik, odaklanma ve konsantrasyonu artırır.","Akroit (Renksiz Turmalin), Akvamarin, Kuvars, Florit, Kalsit, Selenit, Siyah Akik, Fülgerit, Hematit, Herderit, Kedi Gözü Kuvars, Altın Sarı Kuvars, Safir, Topaz, Vanadinit, Sarı Safir (Pukhraj), Purpurit, Polusit, Riyolit, Melanit, Lepidolit, Larimar, Jasper, Seruzit, Titanit (Sfen), Sibirya Kuvarsı, Kalkopirit, Tavuskuşu Cevheri (Bornit), Verdite"
Negatif enerjiden ve psişik saldırılardan korur,"Obsidyen, Ejerin (Aegirine), Purpurit, Siyah Turmalin, Dumanlı Kuvars, Siyah Lal (Melanit), Selestobarit, Nuummit, Markazit, Mıknatıslı Kolyeler, Sfaleri, Lepidolit, Moqui Marbles (Şaman Taşları), Pollusit, Rodizit, Safir, Sardonyx, Sarı Safir, Sarı Topaz, Sitrin, Seruzit, Boksit, Gökkuşağı Obsidyen"
"Kas, eklem ve fiziksel ağrıları hafifletir.","Apaçi Gözyaşı, Auralit, Krizokolla, Damatyan Taşı, Maun Obsidyen, Dumanlı Kuvars, Alabaster (Alçıtaşı), Aragonit, Auralite 23, Bronzit, Zebra Jasper, Lityum Kuvars, Piroluzit (Pyrrhotite), Nuummit, Hematit, Mıknatıs Taşı, Okyanus Jasperı, Moqui Mermeri (Şaman Taşı)"
"Refah, bereket, bolluk ve şans getirir","Sitrin, Pirit, Yeşil Aventurin, Jasper, Pollusit, Nuummit, Sarı Safir, Shiva Lingam, Krizopraz, Aleksandrit, Dendritik Akik, Yağmur Çiçeği Taşı, Ağaç Akiği, Çikolata Kalsit, Yeşil Apatit, Diyaptaz, Elmas, Yeşil Garnet, Altın Kaplan Gözü, İskelet Kuvars, Safir, Purpurit"
Metabolizmayı düzenler ve uyarır,"Aegirine, Aktinolit Kuvars, Bixbite, Bornite, Grönlandit, Hackmanite, Halit, Hanksit, Mistik Topaz, Okyanus Jasperı, Tanzine Aura Kuvars, Zirkon, Aktinolitli Kuvars, Hücre Benzeri Desenli Akik, Yıldız Akik, Mide Benzeri Desenli Akik, Tüp Akik, Amazonit, Ametrin, Ammolit, Bal Kalsit, Portakal Kalsit, Limon Kalsit, Göktaşı (Demir Nikel), Apatit, Mavi Opal, Vivianit, Mavi Peru Opali, Bronzit, Melanit"
Bağımlılıkları yenmede ve kötü alışkanlıklardan kurtulmada destek sağlar.,"Ametist, Barit, Kalsedon, Mavi Spinel, Tanzanit, Staurolit, Zeolit, Ametist Elestial Kuvars, Ateş Akati, Botsvana Akiki, Dumortierit, Fenster Kuvars, Lazulite, Neptunite, Pembe Kuvars, Turuncu Phantom, Kehribar (Amber), Galen, İyolit, Lepidolit, Yıldız Mika, Okenit, Selestobarit, Meteor Taşı, Seruzit, Nebula Taşı"
Solunum yolu ve akciğer hastalıklarına iyi gelir,"Adamite, Akik, Amblygonit, Ammolit, Bustamit, Cacoxenite, Diopside, Eilat Taşı, Hanksit, Larimar, Lepidokrosit, Mavi Kuvars, Okyanus Jasperı, Paraiba Turmalin, Prazolit, Akikleşmiş Mercan, Ametist Kuvars, Yeşil Apofilit, Beyaz Apofilit, Akuamarin, Malakit, Rutil Kuvars, Turkuaz, Manahshila (Realgar)"
Kansızlık (anemi) tedavisine yardımcı olur,"Ametist, Eilat Taşı, Goethite, Hematoid Kalsit, Kakortokit, Lapis Lazuli, Okyanus Jasperı, Opalit, Prazolit, Specularite, Kan Taşı (Bloodstone), Hematit, Siderit, Vivianit, Göktaşı (Meteorit), Garnet (Lal), Jasper, Safir"
Kan basıncını (tansiyonu) dengeler,"Ammonit, Aventurin, Mavi Kalsit, Mavi Kalsedon, Diopsid, Safir, Sodalit, Orta Mor Ametist, Mavi Dantel Akik, Kan Taşı, Krisokol, Dalmasyon Jasper, Sedef, Serafinit, Karnelyan, Labradorit, Piromorfit"
"Kas, eklem ve romatizma ağrılarını hafifletir.","Abalon (Deniz Kulağı), Kehribar, Krom Kalsedon, Kiyastolit, Yeşil Disten, Varisit, Azurit, Krizokol, Mavi Dantel Akik, Mondolit Kuvars, Siyah Turmalin, Melanit, Meteor Taşı (Göktaşı)"
Topraklanma sağlar ve dünya ile olan bağı güçlendirir.,"Siyah Kyanit, Nuummit, Seruzit, Melanit, Kırmızı Jasper, Mıknatıs Taşı, Moqui Marbles (Şaman Taşları), Purpurit, Sardonyx, Shiva Lingam, Safir, Hematit, Alunit (Şap Taşı), Taşlaşmış Ağaç"
Diş ve diş eti sağlığını destekler,"Kehribar, Antimonit, Yeşil Apatit, Sarı Apatit, Mavi Kalsit, Berrak Kalsit, Bal Kalsit, Limon Kalsit, Akuamarin, Akik (Agate), Piromorfit, Titanit (Sfen)"
Psişik yetenekleri ve sezgiyi artırır,"Ametrin, Serpentinit, Kar Tanesi Obsidyen, Berrak Kuvars Kristali, Sedef, Lavanta Kuvars, Altın Beril, Ay Taşı, Labradorit, Safir, Natrolit, Llanit, Nuummit, Moki Bilyeleri, Lityum Kuvars, Sfaleri, Purpurit, Agnitit, Afganit, Barit, Kovellit, İyolit, Petoskey Taşı, Piromorfit, Şattuckite, Wavellite"
Astral seyahat ve ruhsal yolculukları destekler,"Herkimer Elması, Boji Taşları, Moqui Mermerleri (Şaman Taşları), Siyah Opal, Kakosinit, Purpurit, Rodizit, Novakulit"
Bilişsel fonksiyonları ve hafızayı destekler.,"Manyetit, Seruzit, Nebula Taşı"
Menopoz ve regl semptomlarını hafifletir,"Ajoit, Astroﬁlit, Lingam, Lepidolit, Uterus Şekilli Desenli Akik, Pembe Yeşim, Aytaşı, Gökkuşağı Aytaşı, Sarı Safir (Pukhraj), Shiva Lingam, Mıknatıs Taşı (Lodestone)"
Bağışıklık sistemini destekler ve alerjik reaksiyonları azaltır.,"Clevelandite, Golden Danburite, Okyanus Jasperı, Ouro Verde Kuvars, Poppy Jasper, Stichtite, Yılan Derisi Akiği, Kehribar, Yeşil Apofilit, Beyaz Apofilit, Akuamarin, Breşli Jasper, Ametrin, Apatit, Bumble Bee Jasper, Novacülit, Yeşil Altın Kuvars"
Boğaz ağrısı ve tiroid sorunlarını dengeler,"Kehribar, Angelyit, Anhidrit, Azurit, Mavi Kalsit, Mavi Dantelli Akik, Krizokolla, Lapis Lazuli, Kiyanit, Akuamarin, Mavi Dantel Akik, Sodalit, Selestit, Mavi Kuvars, Larimar, His Taşı, Prazolit (Yeşil Kuvars)"
İçsel çocukla bağ kurmayı ve dişil enerjiyi güçlendirir.,"Abalon Kabuğu, Larimar"
Ruhsal köklerle ve geçmiş yaşam bilgeliğiyle bağ kurar.,"Abalon Kabuğu, Herkimer Elması, Agatlaşmış Dinozor Kemiği, Dravit, Melanit, Papagoit, Rodizit, Nuummite"
"Matematiksel, analitik ve entelektüel yetenekleri güçlendirir","Kassiterit, Mavi Dantelli Akik, Akik, Adamit, Ametist, Aventurin, Krizopras, Elmas, Peridot, Safir, Manyezit"
Sinir sistemi hastalıkları ve regenerasyonuna yardımcı olur,"Aleksandrit, Aejirin, Aejirin-Ojit, Antofilit, Goşenit (Beril), Karomelanit, Çaroit, Bronzit, Kassiterit, Sugilit, Mor Florit, Kedigözü Kuvars, Şahin Gözü, Seruzit, Melanit, Pembe Topaz, Mor Safir, Mor Spinel, Pembe Natrolit, Nuummit, Hematit"
Metabolizmayı düzenler ve kilo kontrolüne destek sağlar.,"Sarı Apatit, Kassiterit, Sugilit, Mor Florit, Jeotlar (Ocho), Skapolit, Pembe Kuvars, Serüzit, Titanit (Sfen)"
"Cinsel gücü, tutkuyu ve üreme sağlığını artırır","Kırmızı Aventurin Kuvars, Nebula Taşı, Realgar, Shiva Lingam, Karnelyan"
Vücut ısısını dengeler ve ateşi düşürmeye yardımcı olur.,"Mavi Aventurin Kuvars, İltihap Desenli Akik, Kayısı Akiği, Brezilyanit, Okenit"
Radyasyona karşı koruma sağlar ve hücresel iyileşmeyi destekler.,"Alunit, Şungit, Siyah Turmalin, Jasper, Llanit, Que Sera Taşı, Polusit"
"Fiziksel dayanıklılığı, gücü ve canlılığı artırır","Seruzit, Jasper, Siyah Lal (Melanit), Lal, Peridot, Yakut, Que Sera Taşı, Piromorfit, Kumtaşı, Larvikit, Güneş Taşı, Kan Taşı (Bloodstone)"
Duygusal travmaları ve blokajları şifalandırmak,"Paraiba Kuvarsı, Pembe Spinel, Psilomelan, Pembe Natrolit, Polusit, Nuummit, Ateş Akiği, Karayip Mavisi Kalsit, Kovellit, Yakut-Fuksit, Pembe Kuvars, Mandalina Kuvars, Larimar, Que Sera Taşı"
Çakraları dengeler ve enerji merkezlerini aktive eder.,"Purpurit (Tepe ve Üçüncü Göz), Seruzit (Tepe ve Kök), Papagoit (Tepe ve Üçüncü Göz), Melanit (Kök), Azurit (Üçüncü Göz), Pembe Kuvars (Kalp), Yeşil Aventurin (Kalp), Rodonit (Kalp), Safir (Kalp), Pollusit (Kalp), Lepidolit (Tepe ve Üçüncü Göz), Lityum Kuvars (Kalp ve Tepe), Natrolit (Tepe ve Üçüncü Göz), Pollusit (Tepe), Rodizit (Tepe ve Üçüncü Göz), Larimar (Boğaz)"
Kas ve eklem ağrılarını hafifletir,"Mıknatıs Taşı (Manyetit), Melanit, Natrolit, Rodizit, Hematit, Okenit, Meteor Taşı (Göktaşı), Serüzit, Jasper, Larimar, Okyanus Jasperı, Azurit, Krizokol"
Duygusal denge ve koruma sağlar,Abalon Kabuğu (Abalone Shell)
Detoksa (toksinlerden arınma) yardımcı olur,"Abalon Kabuğu (Abalone Shell), Aktinolit (Actinolite), Akik (Agate), Kehribar (Amber), Ametrin (Ametrine), Apatit (Apatite)"
Göz sağlığına (katarakt ve gece körlüğüne) iyi gelir,Abalon Kabuğu (Abalone Shell)
"Zihin netliği, ilham ve odaklanma sağlar",Akroit (Achroite)
Rüyaları hatırlamaya ve zihinsel süreçleri anlamaya yardımcı olur,Aktinolit (Actinolite)
"İş başarısı, zenginlik ve bolluk çeker","Adamit (Adamite), Akik (Agate), Ametist (Amethyst), Amazonit (Amazonite)"
Hormonal dengesizlik kaynaklı zihin bulanıklığını giderir,Adamit (Adamite)
Lenfatik sistemi ve kan dolaşımını dengeler,Akik (Agate)
Huzursuz bağırsak sendromu (IBS) ve sindirim sorunlarına iyi gelir,Akik (Agate)
Yaratıcılığı aktive eder ve içsel gerçeği ifade etmeye yardımcı olur,Ajoit (Ajoite)
"Üreme organlarını korur, doğurganlığı artırır ve menopoz semptomlarını hafifletir",Ajoit (Ajoite)
Sinir rejenerasyonuna (yenilenmesine) yardımcı olur,Aleksandrit (Alexandrite)
Elektromanyetik kirliliğe (EMF) ve radyasyona karşı korur,"Amazonit (Amazonite), Siyah Turmalin (Black Tourmaline), Florit (Fluorite)"
Bağımlılıklarla (özellikle alkolizm) mücadeleye yardımcı olur,Ametist (Amethyst)
"İskelet sistemi, kemik erimesi ve eklem ağrılarına iyi gelir","Ammonit (Ammonite), Apatit (Apatite)"
Tiroid bezini dengeler ve boğaz iltihabını hafifletir,"Angelit (Angelite), Kehribar (Amber), Akuamarin (Aquamarine)"
Yüksek tansiyonu düşürür,Prasiolite (Yeşil Kuvars)
Kalp sağlığını korur,Prasiolite (Yeşil Kuvars)
Tiroid hormonlarını düzenler,Prasiolite (Yeşil Kuvars)
Zihinsel gelişimi destekler,Prasiolite (Yeşil Kuvars)
Pozitif düşünmeyi sağlar,Prasiolite (Yeşil Kuvars)
Negatif enerjiden korur,"Prasiolite (Yeşil Kuvars), Sarı Safir (Pukhraj)"
Duygusal zekayı geliştirir,Prasiolite (Yeşil Kuvars)
Sindirimi iyileştirir ve mide sorunlarını giderir,Sarı Safir (Pukhraj)
Stres ve kaygıyı azaltır,"Sarı Safir (Pukhraj), Aktinolit, Amblygonite"
İlişkilerde uyumu ve etkili iletişimi destekler.,Sarı Safir (Pukhraj)
Kadınlarda doğurganlığı artırır ve adet döngüsünü düzenler,"Sarı Safir (Pukhraj), Menalit"
"Bilgelik, refah ve iyi sağlık sağlar",Sarı Safir (Pukhraj)
Psişik kalkan oluşturur ve biyomanyetik kılıfı mühürler,"Aktinolit, Morion Kuvars"
Kritik hastalık süreçlerinde hücresel düzeyde destek sağlar.,Aktinolit
Karaciğer ve böbrek sağlığını destekler,"Aktinolit, Aegirine, Heliodor, Heulandite"
Mevsimsel Duygusal Bozukluk (SAD) için faydalıdır,"Adamite, Kakortokite, Septarian"
Kas ağrılarını giderir ve toksinlerin atılmasını kolaylaştırır,Aegirine
Ruhsal bütünlük ve duygusal şifa sağlar.,"Amethyst Herkimer, Faden Kuvars, Spirit Kuvars"
Sinir sistemini dengeleyerek nörolojik sağlığı destekler.,"Astrofilit, Dumortierite"
Kan şekerini dengelemeye yardımcı olur.,"Atlantasite, Datolite, Tanzine Aura Kuvars"
Kemik bozukluklarını ve kırıkları iyileştirir,"Amblygonite, Creedite, Lazulite, Faden Kuvars"
Tamamlayıcı tıp ve enerji çalışmalarının etkisini artırır.,"Kalkopirit, Halit, Kuvars (Mika ile)"
Radyasyon hasarını ve yan etkilerini hafifletir,"Kovellit, Hackmanite, Morion Kuvars, Uranophane"
Kâbusları önler ve güvenli uyku sağlar,"Dalmaçya Taşı, Flint, Pearl Spa Dolomit"
Zihinsel odaklanmayı artırır ve hiperaktiviteyi dengeler.,"Amblygonite, Stichtite, Tanzine Aura Kuvars"
Göz hastalıklarını ve kataraktı iyileştirir,"Kavansit, Girasol, Scapolite, Vivianite"
Lenfatik sistemi destekler ve vücudu temizler.,"Leopardskin Jasper, Okyanus Jasper"
İletişim,Mavi Kyanit
Zihinsel açıklık,Mavi Kyanit
Topraklayıcı,Siyah Kyanit
Denge ve uyum,Yeşil Kyanit
Meditasyon sırasında zihin toparlama,Kyanit
İfade netliği,Mavi Kyanit
Duygusal durumları sakinleştirme ve yatıştırma,Abalon (Abalone)
Psişik gelişimi ve sezgiyi uyarma,Abalon (Abalone)
Finansal konularda şans getirme,Aventurin (Adventurine)
Yaratıcılığı ve zekayı uyarma,Aventurin (Adventurine)
Zihni canlandırma ve diğer taşların şifa enerjisini artırma,Ejirin (Aegirine)
Gerçeği ayırt etme ve güçlü duygusal şifa,Akik (Agate)
İç huzuru sağlar ve geçmiş duygusal yaraları şifalandırır.,Ajoit (Ajoite)
Yenilenme ve yüksek benliğe açıklık,Aleksandrit (Alexandrite)
Yaratıcı ifadeyi geliştirme ve düşünceyi netleştirme,Amazonit (Amazonite)
Hiperaktiviteyi ve gergin sinirleri yatıştırma,Kehribar (Amber)
İç huzuru teşvik etme ve bağımlılıkla mücadele,Ametist (Amethyst)
Rüya hatırlama ve kabusları önleme,"Kyanit, Herkimer Elması, Sitrin"
Anksiyeteyi hafifletmeye yardımcı olur ve iç huzuru destekler.,Yeşil Ametist (Prasiolite)
Yaratıcılığı teşvik eder ve konsantrasyonu artırır.,Yeşil Ametist (Prasiolite)
"Deri, mukoza zarı ve duyu organlarındaki tahriş ve iltihapları iyileştirir.","Abalone (Paua Kabuğu, Sedef)"
"Karaciğer ve böbrek aktivitelerini, ayrıca tüm yapıcı ve büyüme süreçlerini uyarır.",Aktinolit
"Sırt ağrıları ve sızılara, sinirlere, kaslara, kemiklere ve hormonal bezlere iyi gelir.",Ejin (Aegirine)
"Sindirim, bağırsak, böbrek ve hormonal bezlerin faaliyetlerini artırır; ağrıyı hafifletir.",Ejin-Ojit (Aegirine-Augite)
"Gözler, içi boş organlar (mide, bağırsak vb.), kan damarları ve cilt için faydalıdır.",Akik (Agate)
Hamilelik sırasında koruyucu bir taştır.,"Akik (Agate), Su Akiği (Enhydro), Beyaz Akik"
"Bağırsak problemlerine (gaz, ishal, kabızlık, kronik iltihaplanma) iyi gelir.",Ateş Akiği
"Mesane problemlerine, özellikle enfeksiyonlara, idrar tutukluğuna ve prostat sorunlarına iyi gelir.",Kale Akiği (Fortification Agate)
Varis ve hemoroit tedavisinde etkilidir.,Dantel Akik (Crazy Lace Agate)
Rahim iltihabı ve adet ağrıları için iyidir; doğum sonrası normalleşmeyi destekler.,Uterus Şekilli Akik
"Solunum güçlüğü, daralmış bronşlar ve öksürüğe yardımcı olur.",Akikleşmiş Mercan (Agatised Coral)
Kasları gevşetir ve dokuları sıkılaştırır.,Alçıtaşı (Alabaster)
Sinir ve duyu bozukluklarına iyi gelir; karaciğeri uyarır.,Aleksandrit
Bebeklerde diş çıkarma sürecine yardımcı olur; romatizma ve diyabete iyi gelir.,Kehribar (Amber)
Kaşıntı ve güneş yanığını hafifletir; akciğer ve kalın bağırsak için iyidir.,Ametist Kuvars (Chevron)
Yüksek tansiyonu düşürür ve gerginliği giderir.,Ametist (Orta Mor)
"Böbrek fonksiyonlarını, su dengesini ve ödem azaltılmasını uyarır.",Anhidrit (Angelite)
"Raşitizm, artroz, osteoporoz ve kırıkların iyileşmesine yardımcı olur.",Mavi Apatit
"Astım ve solunum yolları problemlerine, ayrıca alerjiye yardımcı olur.",Yeşil Apofilit
Adet ve menopoz problemleriyle ilgili oldukça yardımcıdır.,Astrofilit
Kalp krizi ve damar sertliğine karşı korur.,Yeşil Aventurin
"Doğumu tetikler, pelvisi gevşetir ve rahim boynunu yumuşatır.",Biyotit (Doğum Taşları)
Süt annelerde süt üretimini uyarır.,"Mavi Kalsedon, Pembe Kalsedon (Gül)"
Mide ülseri ve otoimmün hastalıklara yardımcı olur; yaralanmalar için en iyi taştır.,Rodonit
Kundalini enerjisini uyandırır ve yolunu temizler.,Mor Safir
Psişik saldırıları geri gönderir ve eterik temizlik yapar.,Mor Spinel
Psişik ve fiziksel pilleri şarj eden 'hiç bitmeyen bir batarya' gibidir.,Que Sera Taşı
Tiroid sağlığına fayda sağlar,Riyolit
Kasları güçlendirir,Riyolit
Zihni dengeler,Riyolit
Bolluk ve bereket getirir,Riyolit
Pozitif enerji sağlar,Riyolit
Özgüvenle konuşmaya yardımcı olur,Purpurit
Ruhaniliği ve içsel büyümeyi teşvik eder,Purpurit
Kendi potansiyelini gerçekleştirmeyi ve kısıtlayıcı inançları aşmayı sağlar.,Purpurit
Bağımsızlık ve özgüvenle kendini ifade etmeye yardımcı olur,Heterosit
Ruhsal gelişimi ve dünyevi bağımlılıklardan özgürleşmeyi destekler.,Heterosit
Denge ve uyum sembolüdür,Celestobarite
Koruma ve şifa duygusu uyandırır,Celestobarite
Duygusal iyileşme ve denge sağlar,Celestobarite
Yaratıcılığı ve sanatsal ifadeyi artırır,Celestobarite
Uyku bozukluklarına yardımcı olur,Celestobarite
Bağışıklık sistemini destekler,Celestobarite
Stres ve anksiyeteyi azaltır,Celestobarite
Cilt hastalıklarını iyileştirir (Lepa/macun formunda),Manahshila (Realgar)
Göz bozukluklarını ve bulanık görmeyi tedavi eder,Manahshila (Realgar)
Öksürük ve astım gibi solunum yolu hastalıklarını iyileştirir,Manahshila (Realgar)
Değişim ve dönüşüm süreçlerini kolaylaştırır.,Pollucite
Lityum içeriği sayesinde stres ve anksiyeteyi giderir,Pollucite
Vücuttaki fiziksel ve eterik toksinlerin atılmasına (detoks) yardımcı olur,Pollucite
Sindirim sistemini düzenler ve mide asidini dengeler.,Prasiolite
Kendini kabul etme ve duygusal yaraların iyileşmesini sağlar,Prasiolite
Enerji sistemindeki tıkanıklıkları temizleyerek denge sağlar,Que Sera (Llanite)
Klaivoyant (durugörü) yeteneklerini ve psişik becerileri artırır,Que Sera (Llanite)
"Kötü enerjiye karşı koruma, ün ve zenginlik sağlar",Sarı Safir
Yolcuları koruduğuna inanılır,Sarı Topaz
Kundalini enerjisini aktive eder,Shiva Lingam
"Cinsel enerjiyi, tutkuyu ve yakınlığı artırır",Shiva Lingam
Doğurganlık ve dönüşüm sembolüdür,Shiva Lingam
Yaratıcılığı ateşler ve hayal gücünü canlandırır,Sfalerrit (Sphalerite)
Enerji seviyelerini şarj eder ve yorgunluğu giderir,Sfalerrit (Sphalerite)
Topraklanma sağlar ve negatif enerjilerden korur,Sfalerrit (Sphalerite)
Göz bozukluklarının iyileşmesine yardımcı olur,Sfalerrit (Sphalerite)
Duygusal şifa ve öz-sevgi sağlar,Okyanus Jasper (Ocean Jasper)
İletişim becerilerini geliştirir ve kendini ifadeyi artırır,Okyanus Jasper (Ocean Jasper)
Boğaz ve akciğer bölgelerindeki fiziksel rahatsızlıkları/ağrıları hafifletir,Okyanus Jasper (Ocean Jasper)
Neşe ve pozitifliği teşvik eder,Okyanus Jasper
Stres ve kaygıyı serbest bırakmaya yardımcı olur,Okyanus Jasper (Deniz Jasper)
Zihinsel berraklığı artırır ve ruhsal bağlantıyı güçlendirir,Safir
Duygusal iyileşmeyi destekler ve içsel huzuru teşvik eder,Safir
"Güç, cesaret ve koruma sağlar",Sardonyx (Sardoniks)
Öz kontrolü geliştirir ve topraklama hissi sağlar,Sardonyx (Sardoniks)
"Özgüveni, gücü ve iyimserliği artırır",Rhodizite (Rodizit)
Duygusal yaraları iyileştirir ve negatif hisleri dağıtır,Purpurite
"Kıskançlık, kin ve güvensizliği azaltır",Serandite
Zihni sakinleştirir ve merkezler,Que Sera
Çakraları hizalar ve enerji merkezlerini açar,Shiva Lingam
Zihinsel berraklığı artırır,Pollucite (Pollüsit)
Zihinsel ferahlık ve sadeleşme sağlar,Selenit
Üreme sağlığı ve hormon dengesizliğine yardımcı olur,Papagoite
Kişinin kendini ifade etmesine ve duygularını özgürce dile getirmesine yardımcı olur,Larimar
Stresi azaltır ve zihni berraklaştırır,Larimar
"Boğaz, göğüs ve akciğerle ilgili şikayetlerde destekleyicidir",Larimar
"Sindirim bozuklukları, cilt problemleri ve baş ağrılarının tedavisine yardımcı olur",Selestobarit
"Kısırlık sorunlarına yardımcı olur, hamilelik ve doğum sürecini destekler",Serüzit
Alzheimer semptomlarını hafifletir ve bilişsel fonksiyonu geliştirir,Serüzit
Zihinsel sakinlik sağlar ve duygusal dengeyi destekler,Jasper
Erkeklerde hormonal dengeyi sağlar ve cinsel gücü artırır,Jasper
Bağışıklık sistemini ve tiroit bezini güçlendirir,Larimar
"Sinus problemlerini, öksürüğü ve alerjileri iyileştirir",Akuamarin
Hemoglobin sayısını artırır ve kanla ilgili hastalıkları tedavi eder,Lal (Garnet)
"Böbrek ve bağırsak şifasına yardımcı olur, bağışıklığı güçlendirir",Opal
Sinir sistemini yatıştırır ve psişik yetenekleri (durugörü) geliştirir,Lanit (Llanite)
Kalp çakrasını dengeleyerek sevgi ve empati duygularını güçlendirir,Purpurit
Psişik yetenekleri ve ruhsal aydınlanmayı destekler,Mavi Safir
Özgüveni artırır ve liderlik özelliklerini güçlendirir,Safir
Duygusal çalkantıları yatıştırır ve içsel huzur verir,Okenit
Kundalini enerjisini yükseltir ve tüm çakraları harekete geçirir,Shiva Lingam
Topraklama sağlayarak çevrede rahat hissettirme,Seruzit
Boğaz çakrasını düzenleme ve iletişim yeteneğini geliştirme,"Larimar, Prasiolit, Titanit (Sfen)"
Tiroid bezi ve hormonlarını dengeleme,Larimar
Duygusal denge ve iç huzur sağlama,"Larimar, Jasper, Okenit, Prasiolit, Riyolit, Serandit, Titanit (Sfen)"
"Mide rahatsızlıkları, hazımsızlık ve şişkinliğe iyi gelme","Jasper, Prasiolit (Yeşil Ametist)"
Kan dolaşımını düzenleme ve düşük tansiyonu dengeleme,Karnelyan
"Yaşam sevinci, sadakat ve yeniliğe açıklık verme","Karnelyan, Dalmaçyalı Jasper, Okyanus Jasper"
Kök ve Taç çakra arasında bağlantı kurarak ruhsal farkındalığı artırma,"Okenit, Prasiolit, Titanit (Sfen)"
Zihinsel berraklık ve odaklanmayı artırma,"Jasper, Prasiolit, Riyolit, Titanit (Sfen)"
"Maddi bolluk, bereket ve şans getirme","Prasiolit, Larimar, Piromorfit, Realgar, Rodizit"
Kıskançlık ve güvensizlik duygularını yatıştırma,Serandit
Psişik yetenekleri ve önsezileri güçlendirme,"Rodizit, Okenit, Purpurit, Sfalerit, Titanit (Sfen)"
Cinsel sorunlara ve doğurganlığa (fertilite) yardımcı olma,"Realgar, Shiva Lingam, Prasiolit"
Lekeleme faaliyetlerini geliştirmek,Abalone (deniz kulağı)
Zihin ve bedenin doğurganlığını teşvik etmek,Abalone (deniz kulağı)
Karar verme süreçlerini geliştirmek,"Abalone (deniz kulağı), Kehribar (Amber), Kan Taşı (Heliotrop), Tereyağı Yeşim"
Gruplar arası işbirliğini teşvik etmek,"Abalone (deniz kulağı), Turmalinli Albit, Granit, Ortoklaz Feldspat, Kar Kuvars"
Kalbi korumak ve kalp sağlığını güçlendirmek,"Ferro Aktinolit, Kalsit, Sinabrit, Yeşil Apofilit, Spessartine Garnet, Garniyerit, Morganit, Yeşil Aytaşı, Pembe Turmalin, Karpuz Turmalin"
Öz değer ve güç duygusunu güçlendirmek,"Aktinolit, Ferro Aktinolit, Mavi Fırtına Akiği, Leopardit, Şeftali Ay Taşı, Gül Kuvars"
Astral seyahatte yardımcı olmak,"Ferro Aktinolit, Brandberg Ametist, Apofilit, Beril, Kalsit (Bal ve Maripose), İyolit, Mavi Yeşil Mika, Çilek Kuvars, Stilbit, Stalaktitler"
Psişik yetenekleri ve iletişim becerilerini artırmak,"Afganit, Mavi Apatit, Kovellit, Azurit, K2-Azurit, Skolesit, Shattuckite, Tanzanit"
Ağrıların giderilmesine ve uykusuzluğun azaltılmasına yardımcı olmak,"Afganit, Ametist, Auralite 23, Howlite, Mavi Turmalin, Lepidolit, Pembe Dolomit, Zirkon"
Konsantrasyon ve netliği artırmak,"Siyah Akik, Kuvars, Turmalinli Albit, Berrak Kalsit, Florit, Hematit, Goetit, Safir"
Bağışıklık sistemini güçlendirmek,"Şevron Ametist, Kalsedon, Yeşil Garnet, Presili Taşı, Yeşil Opal, Mavi Turmalin, Sfalerit, Sfen"
Depresyonu ve umutsuzluğu hafifletmek,"Botsvana Akiği, Pembe Dantel Akik, Amonit, Karayip Mavisi Kalsit, Turuncu Kalsit, Krisopraz, Limon Krisopraz, Mercan, Safir, Lepidolit, Yıldız Mika, Novacülit, Tanzanit"
Metabolizmayı düzenlemek ve krampları azaltmak,"Amazonit, Manyetit, Azurit-Malakit, Aragonit, Maun Obsidyen, Mavi Opal, Spodümen"
"Kemikleri ve dişleri güçlendirmek, kalsiyum emilimine yardımcı olmak","Mavi Dantel Akik, Dendritik Akik, Aragonit, Kalsit, Florit, Mamut Fildişi, Zebra Jasper, Siderit"
Kök çakrayı dengelemek ve topraklanma sağlamak,"Bantlı Jasper, Siyah Jasper, Kırmızı Aventurin, Realgar, Siyah Turmalin, Dumanlı Kuvars, Galena"
Yaratıcılığı teşvik etmek,"Ferro Aktinolit, Ametrin, Anjelit, Azurit, Krokoit, Dumortierit, Malakit, Stilbit, Mandalina Kuvars"
Tiroid fonksiyonunu iyileştirmek,"Azurit, Selestit, Mavi Kuvars"
Elektromanyetik radyasyondan korumak,"Galena, Şungit, Siyah Turmalin, Sarı Jasper, Berrak Kuvars"
Bolluk ve bereket çekmek,"Dendritik Akik, Yeşil Apatit, Diyaptaz, Elmas, Yeşil Garnet, Yeşil Altın Taşı, Asterit Serpantin, Safir"
Sakinleştirici etki,Kyanit (Rüya Taşı)
Kalp sağlığı ve sindirim,Abalon (Abalone)
Bağışıklık sistemini güçlendirme,"Ejirin (Aegirine), Jasper, Larimar, Prasiolit, Riyolit (Rainforest), Titanit (Sfen)"
Cesaret ve özgüveni artırma,Akik (Agate)
Sinir sistemi ve kas sağlığını destekleme,Amazonit (Amazonite)
Fiziksel ağrıyı dindirme,Kehribar (Amber)
Hücresel düzeyde fiziksel ve enerjik iyileşme sağlar,Okyanus Jasper
Böbrekleri ve böbrek üstü bezlerini stabilize eder,Okyanus Jasper
Tiroid bezinin çalışması üzerinde olumlu etki yapar,Okyanus Jasper
Sindirimi teşvik eder ve detoks etkisi yaratır,Okyanus Jasper
Kendini ifade etme becerilerini geliştirir,Safir
Akciğerler ve solunum sistemine yardımcı olur,Sardonyx
Diğer taşların enerjisini güçlendirir (şifa için),Rhodizite (Rodizit)
Vücuttaki enerji akışını artırarak canlılığı destekler,Rhodizite (Rodizit)
Uykusuzluğu (insomnia) gidermeye yardımcı olur,Purpurite
Kanın pıhtılaşmasına yardımcı olur ve nabız hızını dengeler,Purpurite
Kalsiyum ve magnezyum emilimine yardımcı olur,Serandite
Hücre yenilenmesine yardımcı olur,Que Sera
Elektromanyetik kirliliğe (sis) karşı koruma sağlar,Que Sera
Doğurganlığı ve üreme sağlığını teşvik eder,Shiva Lingam
Enfeksiyonları tedavi etmeye yardımcı olur,Pollucite (Pollüsit)
Kişinin içsel çocuğuna ulaşmasını ve neşeyi bulmasını sağlar,Larimar
Beyin ve hafıza fonksiyonlarını destekler,Selestobarit
Sinir sistemini sakinleştirir ve kaygıyı hafifletir,Serüzit
"Mesane, dalak ve karaciğer sağlığını destekler",Jasper
Bipolar bozukluğun iyileşmesine yardımcı olur,Larimar
"İnsomniya (uykusuzluk), görme problemleri ve kabızlığı tedavi eder",İnci
Vücuttaki toksinlerin atılmasını ve detoksifikasyon sürecini destekler,Turmalin
Zihinsel netlik sağlar ve kafa karışıklığını giderir,Purpurit
Vücuttaki ödemlere karşı etkilidir ve sindirim sistemini düzenler,Safir
Kan dolaşımını iyileştirir ve nöronları aktive eder,Beyaz Mermer Shiva Lingam
Karar verme ve sorumluluk almayı kolaylaştırma,Seruzit
Beynin sağ ve sol yarım kürelerini dengeleyerek sanatsal yeteneği artırma,Seruzit
"Anksiyete, gerginlik ve stresi hafifletme","Seruzit, Jasper, Larimar, Piromorfit, Que Sera, Titanit (Sfen)"
Alzheimer ve Parkinson hastalıklarına yardımcı olma,Seruzit
Uykusuzluk ve kabusları yenmeye yardımcı olma,"Seruzit, Larimar, Piromorfit"
Kas ve kemik yapısını güçlendirme,"Seruzit, Larimar, Titanit (Sfen)"
Hamilelik ve doğum sonrası anne-bebek bağını güçlendirme,Larimar
Fiziksel dayanıklılığı ve atletik performansı artırma,Jasper
Karmik borçları belirleme ve ruhsal büyümeye yardımcı olma,"Okenit, Prasiolit, Titanit (Sfen), Riyolit"
Diş ve diş eti sağlığına yardımcı olma,"Piromorfit, Titanit (Sfen)"
B vitamini emilimini kolaylaştırma,"Piromorfit, Riyolit"
"Öfke, hiddet ve şiddet içeren davranışları sakinleştirme","Realgar, Larimar, Jasper (Leopar)"
Hücre yenilenmesine ve doku sağlığına yardımcı olma,"Que Sera, Titanit (Sfen)"
"Deri hastalıkları, kaşıntı ve döküntülere iyi gelme","Riyolit, Titanit (Sfen)"
Kan sağlığını destekler ve vücudu enfeksiyonlara karşı korur.,Sfalerit
Doğa ve tüm canlılarla olan ruhsal bağı kuvvetlendirir.,"Riyolit (Rainforest), Dalmaçyalı Jasper, Piromorfit"